work_id,title,byline,creators,creators_with_id
X0001,圓覺經佚文,,,
X0005,無量壽經會譯,清 魏源會,魏源,魏源(A001891)
X0006,阿彌陀經異本,,,
X0008,楞伽阿跋多羅寶經會譯,明 員珂會,員珂,員珂(A000901)
X0010,大明仁孝皇后夢感佛說第一希有大功德經,,,
X0011,佛說無量壽佛名號利益大事因緣經,曹魏 康僧鎧,康僧鎧,康僧鎧(A000899)
X0012,觀世音菩薩往生淨土本緣經,失譯 附西晉錄,,
X0013,念佛超脫輪迴捷徑經,,,
X0014,十往生阿彌陀佛國經,失譯 出周錄,,
X0015,淨度三昧經,,,
X0017,佛說長壽滅罪護諸童子陀羅尼經,唐 佛陀波利,佛陀波利,佛陀波利(A000438)
X0019,佛說斷溫經,,,
X0020,佛說地藏菩薩發心因緣十王經,唐 藏川述,藏川,藏川(A001885)
X0021,佛說預修十王生七經,唐 藏川述,藏川,藏川(A001885)
X0023,大藏正教血盆經,,,
X0024,壽生經,,,
X0025,化珠保命真經,,,
X0026,大梵天王問佛決疑經,,,
X0027,大梵天王問佛決疑經,,,
X0028,造像量度經,清 工布查布,工布查布,工布查布(A000091)
X0034,觀世音菩薩救苦經,,,
X0057,十二禮,龍樹菩薩造　禪那崛多別,"龍樹菩薩,禪那崛多別",龍樹菩薩(A001482);禪那崛多別(A001860)
X0181,大聖妙吉祥菩薩最勝威德祕密八字陀羅尼修行念誦儀軌次第法,義雲法金剛．菩提仙同,"義雲法金剛,菩提仙",義雲法金剛(A001473);菩提仙(A001355)
X0182,正了知王藥叉眷屬法,唐 義淨,義淨,義淨(A001470)
X0183,二十八夜叉大軍王名號,梁 僧伽婆羅譯抄之,僧伽婆羅,僧伽婆羅(A001588)
X0184,二十八藥叉大將名號,唐 不空譯抄之,不空,不空(A000095)
X0185,權現金色迦那婆底九目天法,唐 菩提留支,菩提留支,菩提留支(A001358)
X0188,祕密要術法,唐 阿謨伽,阿謨伽,阿謨伽(A000095)
X0190,阿迦陀密一印千類千轉三使者成就經法,唐 不空,不空,不空(A000095)
X0191,七俱胝准提陀羅尼念誦儀軌,唐 不空,不空,不空(A000095)
X0192,佛說如意虗空藏菩薩陀羅尼經,唐 菩提留支,菩提留支,菩提留支(A001358)
X0193,佛說却溫黃神咒經,,,
X0201,五大牛玉雨寶陀羅尼儀軌,縛日羅枳惹曩,縛日羅枳惹曩,縛日羅枳惹曩(A001816)
X0202,佛說大如意寶珠輪牛王守護神咒經,阿謨伽三藏,阿謨伽三藏,阿謨伽三藏(A000095)
X0203,作世水宅心陀羅尼,,,
X0204,妙法蓮華三昧祕密三摩耶經,唐 不空,不空,不空(A000095)
X0205,佛說阿彌陀佛根本祕密神咒經,曹魏 菩提流支,菩提流支,菩提流支(A001357)
X0206,馬鳴菩薩成就悉地念誦,唐 不空,不空,不空(A000095)
X0207,十六大羅漢因果識見頌,唐 闍那多迦,闍那多迦,闍那多迦(A001841)
X0208,華嚴經論〔卷十〕,後魏 靈辨造,靈辨,靈辨(A001986)
X0211,華嚴經文義記〔卷六〕,隋 靈裕集記,靈裕,靈裕(A005283)
X0218,華嚴經入法界品十八問答,唐 澄觀述,澄觀,澄觀(A001755)
X0220,華嚴經綸貫,宋 復菴述,復菴,復菴(A012664)
X0221,續華嚴經略疏刊定記,唐 慧苑述,慧苑,慧苑(A001713)
X0223,華嚴經合論,唐 李通玄造論　志寧釐經合論,"李通玄,志寧",李通玄(A000517);志寧(A000499)
X0225,華嚴經合論簡要,明 李贄簡要,李贄,李贄(A009892)
X0226,華嚴經合論纂要,明 方澤纂,方澤,方澤(A000190)
X0227,華嚴經行願品疏,唐 澄觀述,澄觀,澄觀(A001755)
X0228,華嚴經行願品疏科,唐 宗密撰集,宗密,宗密(A000587)
X0229,華嚴經行願品疏鈔,唐 澄觀別行疏　宗密隨疏鈔,"澄觀,宗密",澄觀(A001755);宗密(A000587)
X0230,華嚴經普賢行願品疏科,宋 遵式治定,遵式,遵式(A014878)
X0231,華嚴經疏科文,唐 澄觀排定,澄觀,澄觀(A001755)
X0232,華嚴經疏鈔玄談,唐 澄觀撰述,澄觀,澄觀(A001755)
X0234,華嚴經疏注,唐 澄觀述　宋 淨源錄疏注經,"澄觀,淨源",澄觀(A001755);淨源(A001113)
X0235,華嚴經談玄抉擇,遼 鮮演述,鮮演,鮮演(A001875)
X0236,華嚴懸談會玄記,元 普瑞集,普瑞,普瑞(A001228)
X0237,華嚴經文義要決問答,新羅 表員集,表員,表員(A000770)
X0238,華嚴經要解,宋 戒環集,戒環,戒環(A000514)
X0239,華嚴經吞海集,宋 道通述,道通,道通(A012731)
X0240,華嚴綱要(第1卷-第44卷),唐 澄觀疏義　明 德清提挈,"澄觀,德清",澄觀(A001755);德清(A001681)
X0241,華嚴經綱目貫攝,清 永光錄集,永光,永光(A000281)
X0242,華嚴經三十九品大意,清 永光敬錄,永光,永光(A000281)
X0243,圓覺經大疏,唐 宗密述,宗密,宗密(A000587)
X0244,圓覺經大疏鈔科,唐 宗密製,宗密,宗密(A000587)
X0245,圓覺經大疏釋義鈔,唐 宗密撰,宗密,宗密(A000587)
X0246,圓覺經略疏科,唐 宗密製,宗密,宗密(A000587)
X0248,圓覺經略疏鈔,唐 宗密(於大疏略出),宗密,宗密(A000587)
X0249,圓覺經鈔辨疑誤,宋 觀復撰,觀復,觀復(A001991)
X0250,圓覺經疏鈔隨文要解,元 清遠述,清遠,清遠(A001093)
X0251,御註圓覺經,宋 孝宗帝註,宋孝宗,宋孝宗(A000480)
X0252,圓覺經類解,宋 行霆解,行霆,行霆(A000424)
X0253,圓覺經夾頌集解講義,宋 周琪述,周琪,周琪(A000561)
X0254,圓覺經心鏡,宋 智聰述,智聰,智聰(A001298)
X0255,圓覺經序注,宋 如山註序,如山,如山(A000335)
X0256,圓覺經略疏序注,宋 如山注,如山,如山(A000335)
X0257,圓覺經集註,宋 元粹述,元粹,元粹(A000132)
X0258,圓覺經直解,明 德清解,德清,德清(A001681)
X0259,圓覺經近釋,明 通潤述,通潤,通潤(A001156)
X0260,圓覺經要解,明 寂正要解,寂正,寂正(A001027)
X0261,圓覺經精解評林,明 焦竑纂,焦竑,焦竑(A001310)
X0262,圓覺經句釋正白,清 弘麗著,弘麗,弘麗(A000245)
X0263,圓覺經析義疏,清 通理述,通理,通理(A001152)
X0264,大寶積經述,唐 徐鍔撰,徐鍔,徐鍔(A000925)
X0265,楞嚴經義疏注經科,宋 子璿述,子璿,子璿(A000085)
X0267,楞嚴經義疏釋要鈔,宋 懷遠錄,懷遠,懷遠(A001902)
X0268,楞嚴經集註,宋 思坦集註,思坦,思坦(A000832)
X0269,楞嚴經熏聞記,宋 仁岳述,仁岳,仁岳(A000106)
X0270,楞嚴經要解,宋 戒環解,戒環,戒環(A000514)
X0271,楞嚴經箋,宋 惟慤科　可度箋,"惟慤,可度",惟慤(A008962);可度(A000221)
X0272,楞嚴經合論,宋 德洪造論　正受會合,"德洪,正受",德洪(A001673);正受(A000264)
X0273,楞嚴經正脉疏科,明 真鑑作,真鑑,真鑑(A000967)
X0274,楞嚴經正脉疏懸示,明 真鑑述,真鑑,真鑑(A000967)
X0275,楞嚴經正脉疏,明 真鑑述,真鑑,真鑑(A000967)
X0276,楞嚴經摸象記,明 袾宏述,袾宏,袾宏(A001394)
X0277,楞嚴經懸鏡,明 德清述,德清,德清(A001681)
X0278,楞嚴經通議略科,明 德清排訂,德清,德清(A001681)
X0279,楞嚴經通議,明 德清述,德清,德清(A001681)
X0280,楞嚴經臆說,明 圓澄註,圓澄,圓澄(A005648)
X0281,楞嚴經圓通疏,元 惟則會解　明 傳燈疏,"惟則,傳燈",惟則(A001064);傳燈(A007274)
X0282,楞嚴經玄義,明 傳燈述,傳燈,傳燈(A007274)
X0283,楞嚴經秘錄,明 一松說　靈述記,"一松,靈述",一松(A000012);靈述(A001982)
X0284,楞嚴經玄義,明 智旭撰述　道昉參訂,"智旭,道昉",智旭(A001257);道昉(A001515)
X0285,楞嚴經文句,明 智旭撰述　道昉參訂,"智旭,道昉",智旭(A001257);道昉(A001515)
X0286,楞嚴經如說,明 鍾惺撰,鍾惺,鍾惺(A001872)
X0287,楞嚴經疏解蒙鈔,明 錢謙益鈔,錢謙益,錢謙益(A001834)
X0288,楞嚴經證疏廣解,明 凌弘憲點釋,凌弘憲,凌弘憲(A000897)
X0289,楞嚴經合轍,明 通潤述,通潤,通潤(A001156)
X0290,楞嚴經直指科文,,,
X0291,楞嚴經直指,明 圅昰疏,圅昰,圅昰(A010057)
X0292,楞嚴經擊節,明 大韶撰,大韶,大韶(A000065)
X0293,楞嚴經懸談,明 觀衡撰,觀衡,觀衡(A001993)
X0294,楞嚴經說約,明 陸西星述,陸西星,陸西星(A001168)
X0295,楞嚴經述旨,明 陸西星述,陸西星,陸西星(A001168)
X0296,楞嚴經截流,明 傳如述,傳如,傳如(A001395)
X0297,楞嚴經圓通疏前茅,明 傳燈述,傳燈,傳燈(A007274)
X0298,楞嚴經直解,明 廣莫直解,廣莫,廣莫(A001663)
X0299,楞嚴經講錄,明 乘旹講錄,乘旹,乘旹(A000893)
X0300,楞嚴經纂註,明 真界纂註,真界,真界(A000948)
X0301,楞嚴經精解評林,明 焦竑纂,焦竑,焦竑(A001310)
X0302,楞嚴經略疏,明 元賢述,元賢,元賢(A000135)
X0303,楞嚴經貫攝,清 劉道開纂述,劉道開,劉道開(A001649)
X0304,楞嚴經觀心定解科,清 靈耀述,靈耀,靈耀(A001987)
X0305,楞嚴經觀心定解大綱,清 靈耀述,靈耀,靈耀(A001987)
X0306,楞嚴經觀心定解,清 靈耀述,靈耀,靈耀(A001987)
X0307,楞嚴經指掌疏懸示,清 通理述,通理,通理(A001152)
X0308,楞嚴經指掌疏,清 通理述,通理,通理(A001152)
X0309,楞嚴經指掌疏事義,清 通理述,通理,通理(A001152)
X0310,楞嚴經勢至圓通章科解,明 正相解,正相,正相(A000267)
X0311,楞嚴經勢至圓通章疏鈔,清 續法集,續法,續法(A001959)
X0312,楞嚴經勢至圓通章解,清 行策撰,行策,行策(A000421)
X0313,楞嚴經序指味疏,清 諦閑述,諦閑,諦閑(A001825)
X0314,楞嚴經寶鏡疏科文,清 溥畹撰,溥畹,溥畹(A001452)
X0315,楞嚴經寶鏡疏懸談,清 溥畹述,溥畹,溥畹(A001452)
X0316,楞嚴經寶鏡疏,清 溥畹述,溥畹,溥畹(A001452)
X0317,楞嚴經正見,清 濟時述,濟時,濟時(A001855)
X0318,楞嚴經宗通,明 曾鳳儀宗通,曾鳳儀,曾鳳儀(A001305)
X0321,楞伽經註,唐 智嚴註,智嚴,智嚴(A006310)
X0322,楞伽經疏,,,
X0323,楞伽經通義,宋 善月述,善月,善月(A000848)
X0324,楞伽經集註,宋 正受集記,正受,正受(A000264)
X0325,楞伽經纂,宋 楊彥國纂,楊彥國,楊彥國(A001442)
X0326,觀楞伽經記,明 德清筆記,德清,德清(A001681)
X0327,楞伽補遺,明 德清撰,德清,德清(A001681)
X0328,楞伽經玄義,明 智旭撰述,智旭,智旭(A001257)
X0329,楞伽經義疏,明 智旭疏義,智旭,智旭(A001257)
X0330,楞伽經宗通,明 曾鳳儀宗通,曾鳳儀,曾鳳儀(A001305)
X0331,楞伽經合轍,明 通潤述,通潤,通潤(A001156)
X0332,楞伽經參訂疏,明 廣莫參訂,廣莫,廣莫(A001663)
X0333,楞伽經精解評林,明 焦竑纂,焦竑,焦竑(A001310)
X0334,楞伽經心印,清 圅昰疏,圅昰,圅昰(A010057)
X0338,維摩經文疏,隋 智顗撰,智顗,智顗(A001301)
X0340,維摩經疏記,唐 湛然述,湛然,湛然(A001307)
X0343,維摩經略疏,胡 吉藏撰,吉藏,吉藏(A000329)
X0345,維摩經疏記鈔,唐 道暹私記,道暹,道暹(A001552)
X0347,維摩經評註,明 楊起元評註,楊起元,楊起元(A001443)
X0348,維摩經無我疏,明 傳燈著,傳燈,傳燈(A007274)
X0349,維摩經疏科,明,,
X0351,勝鬘經義記,隋 慧遠撰,慧遠,慧遠(A002000)
X0352,勝鬘經述記,唐 大乘基說　義令記,"大乘基,義令",大乘基(A001019);義令(A001463)
X0353,勝鬘經疏義私鈔,日本 聖德太子疏　唐 明空私鈔,"聖德太子,明空",聖德太子(A001486);明空(A000659)
X0355,金光明經玄義科,明 明得排定,明得,明得(A008323)
X0356,金光明經玄義拾遺記會本,隋 智顗說　唐 灌頂錄　宋 知禮述　明 明得會,"智顗,灌頂,知禮,明得",智顗(A001301);灌頂(A004896);知禮(A000756);明得(A008323)
X0357,金光明經文句科,明 明得排定,明得,明得(A008323)
X0358,金光明經文句文句記會本,隋 智顗說　唐 灌頂錄　宋 知禮述　明 明得會,"智顗,灌頂,知禮,明得",智顗(A001301);灌頂(A004896);知禮(A000756);明得(A008323)
X0359,金光明經玄義順正記,宋 從義撰,從義,從義(A001057)
X0360,金光明經文句新記,宋 從義撰,從義,從義(A001057)
X0361,金光明經照解,宋 宗曉述,宗曉,宗曉(A000601)
X0362,金光明經科註,明 受汰集,受汰,受汰(A000553)
X0364,思益梵天所問經簡註,明 圓澄註,圓澄,圓澄(A005648)
X0365,大乘本生心地觀經淺註懸示,清 來舟述,來舟,來舟(A000549)
X0366,大乘本生心地觀經淺註科文,,,
X0367,大乘本生心地觀經淺註(第1卷-第3卷),清 來舟集,來舟,來舟(A000549)
X0368,大乘密嚴經疏,唐 法藏撰,法藏,法藏(A002450)
X0369,解深密經疏,唐 圓測撰,圓測,圓測(A001414)
X0370,占察善惡業報經玄義,明 智旭撰,智旭,智旭(A001257)
X0371,占察善惡業報經義疏,明 智旭撰,智旭,智旭(A001257)
X0372,盂蘭盆經疏新記,唐 宗密疏　宋 元照記,"宗密,元照",宗密(A000587);元照(A000129)
X0373,盂蘭盆經疏會古通今記,宋 普觀述,普觀,普觀(A001239)
X0374,盂蘭盆經疏孝衡鈔科,宋 遇榮集定,遇榮,遇榮(A001577)
X0375,盂蘭盆經疏孝衡鈔,宋 遇榮鈔,遇榮,遇榮(A001577)
X0376,盂蘭盆經疏鈔餘義,宋 日新錄,日新,日新(A000193)
X0377,盂蘭盆經新疏,明 智旭疏,智旭,智旭(A001257)
X0378,盂蘭盆經疏折中疏,清 靈耀撰,靈耀,靈耀(A001987)
X0379,盂蘭盆經略疏,清 元奇書,元奇,元奇(A000115)
X0381,藥師經直解,清 靈耀撰,靈耀,靈耀(A001987)
X0382,地藏本願經科文,清 岳玄排,岳玄,岳玄(A000618)
X0383,地藏本願經綸貫,清 靈椉撰,靈椉,靈椉(A001980)
X0384,地藏本願經科註,清 靈椉輯,靈椉,靈椉(A001980)
X0388,彌勒上生經述贊,,,
X0389,彌勒下生經述贊,,,
X0393,彌勒上生經瑞應鈔科,宋 守千集,守千,守千(A000357)
X0394,彌勒上生經瑞應鈔,宋 守千集,守千,守千(A000357)
X0397,無量壽經記,唐 玄一集,玄一,玄一(A000289)
X0400,無量壽經起信論,清 彭際清述,彭際清,彭際清(A001188)
X0401,摩訶阿彌陀經衷論,清 王耕心衷論,王耕心,王耕心(A000207)
X0405,釋觀無量壽佛經記,唐 法聰撰,法聰,法聰(A000744)
X0406,觀無量壽經疏妙宗鈔科,宋 知禮排定　明 真覺重排,"知禮,真覺",知禮(A000756);真覺(A000964)
X0407,觀無量壽佛經疏妙宗鈔,隋 智顗說　宋 知禮述　日本 實觀分會,"智顗,知禮,實觀",智顗(A001301);知禮(A000756);真覺(A000964)
X0408,觀無量壽佛經融心解,宋 知禮撰,知禮,知禮(A000756)
X0410,觀無量壽經扶新論,宋 戒度述,戒度,戒度(A000511)
X0411,觀無量壽經義疏正觀記,宋 戒度述,戒度,戒度(A000511)
X0412,觀無量壽佛經圖頌,明 傳燈述,傳燈,傳燈(A007274)
X0413,觀無量壽經直指疏,清 續法集,續法,續法(A001959)
X0414,觀無量壽佛經約論,清 彭際清述,彭際清,彭際清(A001188)
X0420,阿彌陀經義疏聞持記,宋 元照述　戒度記,"元照,戒度",元照(A000129);戒度(A000511)
X0421,阿彌陀經句解,元 性澄句解,性澄,性澄(A000640)
X0422,阿彌陀經略解,明 大佑述,大佑,大佑(A000055)
X0423,阿彌陀經略解圓中鈔,明 大佑述　傳燈鈔,"大佑,傳燈",大佑(A000055);傳燈(A007274)
X0424,阿彌陀經疏鈔,明 袾宏述,袾宏,袾宏(A001394)
X0425,阿彌陀經疏鈔事義,明 袾宏述,袾宏,袾宏(A001394)
X0426,阿彌陀經疏鈔問辯,明 袾宏述,袾宏,袾宏(A001394)
X0427,阿彌陀經疏鈔演義,明 古德法師演義　慈航智願定本,"古德法師,慈航智願",古德法師(A000229);慈航智願(A001429)
X0428,阿彌陀經疏鈔擷,明 袾宏疏鈔　清 徐槐廷擷,"袾宏,徐槐廷",袾宏(A001394);徐槐廷(A000924)
X0429,阿彌陀經已決,明 大慧釋,大慧,大慧(A015856)
X0430,阿彌陀經要解便蒙鈔,明 智旭要解　清 達默造鈔　達林參訂,"智旭,達默,達林",智旭(A001257);達默(A001575);達林(A001568)
X0431,阿彌陀經略註,清 續法錄註,續法,續法(A001959)
X0432,阿彌陀經註,清 鄭澄德．鄭澄源註,"鄭澄德,鄭澄源",鄭澄德(A001769);鄭澄源(A001768)
X0433,阿彌陀經約論,清 彭際清述,彭際清,彭際清(A001188)
X0434,阿彌陀經直解正行,清 了根纂註,了根,了根(A000028)
X0435,阿彌陀經摘要易解,清 真嵩述,真嵩,真嵩(A000958)
X0438,大日經義釋,唐 一行述記,一行,一行(A000008)
X0439,大日經義釋演密鈔,遼 覺苑撰,覺苑,覺苑(A001945)
X0445,佛頂尊勝陀羅尼經釋,清 續法釋,續法,續法(A001959)
X0446,七俱胝佛母所說準提陀羅尼經會釋,清 弘贊會釋,弘贊,弘贊(A000244)
X0447,觀自在菩薩如意心陀羅尼經略疏,清 續法述,續法,續法(A001959)
X0448,大般若經關法,宋 大隱．永隆排定,"大隱,永隆",大隱(A000071);永隆(A036502)
X0449,大般若經綱要,清 葛䵻提綱,葛䵻,葛䵻(A001489)
X0451,大品經義疏,胡 吉藏撰,吉藏,吉藏(A000329)
X0454,金剛經註,東晉 僧肇注,僧肇,僧肇(A001598)
X0456,金剛經註疏,唐 慧淨註,慧淨,慧淨(A001723)
X0459,金剛經解義,唐 慧能解義,慧能,慧能(A001719)
X0460,金剛經口訣,唐 慧能說,慧能,慧能(A001719)
X0461,金剛經註,宋 道川頌並著語,道川,道川(A001498)
X0462,金剛經會解,宋 善月述,善月,善月(A000848)
X0463,金剛經采微科,宋 曇應排,曇應,曇應(A001801)
X0464,金剛經采微,宋 曇應述,曇應,曇應(A001801)
X0465,金剛經采微餘釋,宋 曇應述,曇應,曇應(A001801)
X0466,金剛疏科釋,元 徐行善科,徐行善,徐行善(A000921)
X0467,銷釋金剛經科儀會要註解,宋 宗鏡述　明 覺連重集,"宗鏡,覺連",宗鏡(A000607);覺連(A001949)
X0468,金剛經註解,明 洪蓮編,洪蓮,洪蓮(A000857)
X0469,金剛經補註,明 韓巖集解　程衷懋補註,"韓巖,程衷懋",韓巖(A001874);程衷懋(A001327)
X0470,金剛經註解鐵鋑錎,明 屠根註,屠根,屠根(A001036)
X0471,金剛經宗通,明 曾鳳儀宗通,曾鳳儀,曾鳳儀(A001305)
X0472,金剛經偈釋,明 曾鳳儀釋,曾鳳儀,曾鳳儀(A001305)
X0473,金剛經釋,明 真可撰,真可,真可(A000944)
X0474,金剛經決疑,明 德清撰,德清,德清(A001681)
X0475,金剛經鎞,明 廣伸述,廣伸,廣伸(A001657)
X0476,金剛經統論,明 林兆恩撰,林兆恩,林兆恩(A000682)
X0477,金剛經正眼,明 大韻筆記,大韻,大韻(A000065)
X0478,金剛經筆記,明 如觀註,如觀,如觀(A000353)
X0479,金剛經破空論,明 智旭造論,智旭,智旭(A001257)
X0480,金剛經觀心釋,明 智旭述,智旭,智旭(A001257)
X0481,金剛經略談,明 觀衡撰,觀衡,觀衡(A001993)
X0482,金剛經略疏,明 元賢述,元賢,元賢(A000135)
X0483,金剛經音釋直解,明 圓杲解註,圓杲,圓杲(A001407)
X0484,金剛經大意,清 王起隆述,王起隆,王起隆(A000208)
X0485,金剛經如是解,清 無是道人註解,無是道人,無是道人(A001314)
X0486,金剛經會解了義,清 徐昌治纂,徐昌治,徐昌治(A000922)
X0487,金剛新眼疏經偈合釋,清 通理述,通理,通理(A001152)
X0488,金剛經郢說,清 徐發詮次,徐發,徐發(A000923)
X0489,金剛經註正訛,清 仲之屏彙纂,仲之屏,仲之屏(A000311)
X0490,金剛經淺解,清 翁春．王錫琯解釋,"翁春,王錫琯",翁春(A000991);王錫琯(A000210)
X0491,金剛經疏記科會,唐 宗密疏　宋 子璿記　清 大璸科會,"宗密,子璿,大璸",宗密(A000587);子璿(A000085);大璸(A000072)
X0492,金剛經疏記會編,清 行策會編,行策,行策(A000421)
X0493,金剛經部旨,清 靈耀撰,靈耀,靈耀(A001987)
X0494,金剛經註釋,清 溥仁乩書　子真乩訂,"溥仁,子真",溥仁(A001451);子真(A000083)
X0495,金剛經演古,清 寂燄述,寂燄,寂燄(A001035)
X0496,金剛經直說,清 迹刪鷲述,迹刪鷲,迹刪鷲(A001495)
X0497,金剛經石注,清 石成金撰集,石成金,石成金(A000310)
X0498,金剛經正解,清 龔穊綵註,龔穊綵,龔穊綵(A001974)
X0499,金剛經法眼懸判疏鈔,清 性起述,性起,性起(A000634)
X0500,金剛經法眼註疏,清 性起述,性起,性起(A000634)
X0501,金剛經如是經義,清 行敏述,行敏,行敏(A000417)
X0502,金剛經註講,清 行敏述,行敏,行敏(A000417)
X0503,金剛經注解,清 孚佑帝君註解,孚佑帝君,孚佑帝君(A000482)
X0504,金剛經彙纂,清 孫念劬纂,孫念劬,孫念劬(A000906)
X0505,金剛經心印疏,清 溥畹述,溥畹,溥畹(A001452)
X0506,金剛經注,清 俞樾註,俞樾,俞樾(A000814)
X0507,金剛經訂義,清 俞樾著,俞樾,俞樾(A000814)
X0508,金剛經闡說,清 存吾闡說,存吾,存吾(A000354)
X0509,金剛經解義,清 徐槐廷述,徐槐廷,徐槐廷(A000924)
X0510,金剛經易解,清 謝承謨註釋,謝承謨,謝承謨(A001868)
X0513,仁王經合疏,隋 智顗說　灌頂記　明 道霈合,"智顗,灌頂,道霈",智顗(A001301);灌頂(A004896);道霈(A001551)
X0514,仁王經疏會本,隋 智顗說　灌頂記　清 成蓮合,"智顗,灌頂,成蓮",智顗(A001301);灌頂(A004896);成蓮(A017925)
X0515,仁王經科疏科文,明 真貴述,真貴,真貴(A000956)
X0516,仁王經科疏懸談,明 真貴述,真貴,真貴(A000956)
X0517,仁王經科疏,明 真貴述,真貴,真貴(A000956)
X0519,仁王經疏法衡鈔,唐 遇榮集,遇榮,遇榮(A001577)
X0520,仁王經疏,宋 淨源撰集,淨源,淨源(A001113)
X0521,般若心經疏,唐 慧淨作,慧淨,慧淨(A001723)
X0522,般若心經疏,唐 靖邁撰,靖邁,靖邁(A001582)
X0524,般若心經幽贊添改科,宋 守千添改,守千,守千(A000357)
X0525,般若心經幽贊崆峒記,宋 守千集,守千,守千(A000357)
X0526,般若心經註,中天竺 提婆註,提婆,提婆(A036746)
X0528,般若心經略疏,唐 明曠述,明曠,明曠(A000673)
X0529,般若心經疏,宋 智圓述,智圓,智圓(A001282)
X0530,般若心經疏詒謀鈔,宋 智圓撰,智圓,智圓(A001282)
X0531,般若心經略疏顯正記,唐 法藏疏　宋 仲希說,"法藏,仲希",法藏(A002450);仲希(A000313)
X0532,般若心經略疏小鈔,明 錢謙益集,錢謙益,錢謙益(A001834)
X0533,般若心經三注,唐 慧忠著　宋 道楷．懷深述,"慧忠,道楷,懷深",慧忠(A001707);道楷(A001539);懷深(A001900)
X0534,般若心經注,宋 道隆述,道隆,道隆(A001960)
X0535,般若心經解義節要,明 宋濂文句,宋濂,宋濂(A007271)
X0536,般若心經注解,明 真可撰,真可,真可(A000944)
X0537,般若心經直談,明 真可撰,真可,真可(A000944)
X0538,般若心經要論,明 真可說,真可,真可(A000944)
X0539,般若心經說,明 真可說,真可,真可(A000944)
X0540,般若心經釋義,明 謝觀光釋,謝觀光,謝觀光(A001870)
X0541,般若心經釋疑,明 謝觀光釋,謝觀光,謝觀光(A001870)
X0542,般若心經直說,明 德清述,德清,德清(A001681)
X0543,般若心經提綱,明 李贄撰,李贄,李贄(A009892)
X0544,般若心經釋略,明 林兆恩撰,林兆恩,林兆恩(A000682)
X0545,般若心經概論,明 林兆恩撰,林兆恩,林兆恩(A000682)
X0546,般若心經說,明 洪恩述,洪恩,洪恩(A004672)
X0547,般若心經註解,明 諸萬里註,諸萬里,諸萬里(A001764)
X0548,般若心經斲輪解,明 通容述,通容,通容(A001150)
X0549,般若心經正眼,明 大文述,大文,大文(A000051)
X0550,般若心經開度,明 弘麗著,弘麗,弘麗(A000245)
X0551,般若心經發隱,明 正相解,正相,正相(A000267)
X0552,般若心經際決,明 大慧釋,大慧,大慧(A015856)
X0553,般若心經添足,明 弘贊述,弘贊,弘贊(A000244)
X0554,般若心經貫義,明 弘贊述,弘贊,弘贊(A000244)
X0555,般若心經釋要,明 智旭述,智旭,智旭(A001257)
X0556,般若心經小談,明 觀衡述,觀衡,觀衡(A001993)
X0557,般若心經一貫疏,明 益證疏,益證,益證(A000943)
X0558,般若心經指掌,明 元賢述,元賢,元賢(A000135)
X0559,般若心經事觀解,清 續法述,續法,續法(A001959)
X0560,般若心經理性解,清 續法述,續法,續法(A001959)
X0561,般若心經大意,清 王起隆述,王起隆,王起隆(A000208)
X0562,般若心經解,清 徐昌治解,徐昌治,徐昌治(A000922)
X0563,般若心經請益說,清 道霈說,道霈,道霈(A001551)
X0564,般若心經註疏,清 仲之屏纂註,仲之屏,仲之屏(A000311)
X0565,般若心經論,清 圅昰撰,圅昰,圅昰(A010057)
X0566,般若心經彙纂,清 孫念劬纂,孫念劬,孫念劬(A000906)
X0567,般若心經如是經義,清 行敏述,行敏,行敏(A000417)
X0568,般若心經註講,清 行敏述,行敏,行敏(A000417)
X0569,般若心經句解易知,清 王澤泩註解,王澤泩,王澤泩(A000209)
X0570,般若心經解義,清 徐槐廷解義,徐槐廷,徐槐廷(A000924)
X0571,般若心經註解,清 敬止撰,敬止,敬止(A001435)
X0572,般若心經易解,清 謝承謨註釋,謝承謨,謝承謨(A001868)
X0573,般若心經註解,唐 大顛祖師註解,大顛祖師,大顛祖師(A000074)
X0574,般若心經註解,明 何道全註,何道全,何道全(A000446)
X0575,般若心經註解,,,
X0576,般若心經註解,清 孚佑帝君註解,孚佑帝君,孚佑帝君(A000482)
X0577,法華經疏,宋 竺道生撰,竺道生,竺道生(A001502)
X0582,法華統略,胡 吉藏撰,吉藏,吉藏(A000329)
X0583,法華經大意,唐 湛然述,湛然,湛然(A001307)
X0584,法華三大部科文,唐 湛然述,湛然,湛然(A001307)
X0585,法華經三大部讀教記,宋 法照撰,法照,法照(A000731)
X0586,法華經三大部補注,宋 從義撰,從義,從義(A001057)
X0587,大部妙玄格言,宋 善月述,善月,善月(A000848)
X0588,法華經玄籤備撿,宋 有嚴述,有嚴,有嚴(A000383)
X0589,法華經玄義節要,明 智旭節,智旭,智旭(A001257)
X0590,法華經玄義輯略,明 傳燈錄,傳燈,傳燈(A007274)
X0591,法華經釋籤緣起序指明,清 靈耀述,靈耀,靈耀(A001987)
X0592,法華經玄籤證釋,清 智銓述,智銓,智銓(A001289)
X0593,法華經文句輔正記,唐 道暹述,道暹,道暹(A001552)
X0594,法華經疏義纘,唐 智度述,智度,智度(A001265)
X0595,妙經文句私志諸品要義,唐 智雲述,智雲,智雲(A001281)
X0596,妙經文句私志記,唐 智雲撰,智雲,智雲(A001281)
X0597,法華經文句記箋難,宋 有嚴箋,有嚴,有嚴(A000383)
X0598,法華經文句格言,宋 善月述,善月,善月(A000848)
X0599,法華經文句纂要,清 道霈纂要,道霈,道霈(A001551)
X0600,法華經入疏,宋 道威入注,道威,道威(A001518)
X0601,法華經要解科,,,
X0602,法華經要解,宋 戒環解,戒環,戒環(A000514)
X0603,法華經合論,宋 慧洪造　張商英撰,"慧洪,張商英",慧洪(A001673);張商英(A001050)
X0604,法華經句解,宋 聞達解,聞達,聞達(A001635)
X0605,法華經科註,宋 守倫註　明 法濟參訂,"守倫,法濟",守倫(A000359);法濟(A000743)
X0606,法華經科註,元 徐行善科註,徐行善,徐行善(A000921)
X0607,法華經科註,明 一如集註,一如,一如(A000007)
X0608,法華經知音,明 如愚著,如愚,如愚(A000349)
X0609,法華經大意,明 無相說,無相,無相(A001315)
X0610,法華經擊節,明 德清述,德清,德清(A001681)
X0611,法華經通義,明 德清述,德清,德清(A001681)
X0612,法華經精解評林,明 焦竑纂,焦竑,焦竑(A001310)
X0613,法華經意語,明 圓澄說　明海重訂,"圓澄,明海",圓澄(A005648);明海(A000662)
X0614,法華經大窾,明 通潤箋,通潤,通潤(A001156)
X0615,法華經綸貫,明 智旭述,智旭,智旭(A001257)
X0616,法華經會義,明 智旭述,智旭,智旭(A001257)
X0617,法華經卓解,清 徐昌治著,徐昌治,徐昌治(A000922)
X0618,法華經大成科,清 際慶排錄,際慶,際慶(A001644)
X0619,法華經大成,清 大義集,大義,大義(A000064)
X0620,法華經大成音義,清 淨昇集,淨昇,淨昇(A001102)
X0621,法華經授手〔卷首〕,清 智祥集,智祥,智祥(A001274)
X0622,法華經授手科,清 智祥排,智祥,智祥(A001274)
X0623,法華經授手,清 智祥集,智祥,智祥(A001274)
X0624,法華經演義科,清 廣和標科,廣和,廣和(A000432)
X0625,法華經演義,清 一松講錄　廣和編定,"一松,廣和",一松(A000012);廣和(A000432)
X0626,法華經科拾懸談卷首,清 佛閑立科　智一拾遺,"佛閑,智一",佛閑(A000444);智一(A001251)
X0627,法華經科拾科,清 佛閑立科　智一重訂,"佛閑,智一",佛閑(A000444);智一(A001251)
X0628,法華經科拾,清 佛閑立科　智一拾遺,"佛閑,智一",佛閑(A000444);智一(A001251)
X0629,法華經指掌疏科文,清 通理述,通理,通理(A001152)
X0630,法華經指掌疏懸示,清 通理述,通理,通理(A001152)
X0631,法華經指掌疏,清 通理述,通理,通理(A001152)
X0632,法華經指掌疏事義,清 通理述,通理,通理(A001152)
X0633,法華經為為章,唐 窺基撰,窺基,窺基(A001019)
X0636,法華經玄贊攝釋,唐 智周撰,智周,智周(A001260)
X0637,法華經玄贊決擇記,唐 崇俊撰　法清集疏,"崇俊,法清",崇俊(A001038);法清(A013848)
X0638,法華經玄贊要集,唐 栖復集,栖復,栖復(A001009)
X0639,法華經玄贊釋,,,
X0640,觀音經玄義記會本科,,,
X0641,觀音經玄義記條箇,,,
X0642,觀音經玄義記會本,隋 智顗說　宋 知禮述,"智顗,知禮",智顗(A001301);知禮(A000756)
X0643,觀音經義疏記會本科,,,
X0644,觀音經義疏記條箇,,,
X0645,觀音經義疏記會本,隋 智顗說　宋 知禮述,"智顗,知禮",智顗(A001301);知禮(A000756)
X0646,觀音經普門品重頌,宋 遵式述,遵式,遵式(A001832)
X0647,觀音經普門品膚說,清 靈耀說,靈耀,靈耀(A001987)
X0648,高王觀音經註釋,清 周上智錄出,周上智,周上智(A000556)
X0649,普賢觀經義疏科,,,
X0650,普賢觀經義疏,宋 本如述　處咸續解　日本 亮潤分會,"本如,處咸,亮潤",本如(A000252);處咸(A001140);亮潤(A000804)
X0651,金剛三昧經注解,明 圓澄註,圓澄,圓澄(A005648)
X0652,金剛三昧經通宗記,清 𧧌震述,𧧌震,𧧌震(A000002)
X0656,涅槃經玄義文句,隋 灌頂撰　唐 道暹撰　日本 守篤分會,"灌頂,道暹,守篤",灌頂(A004896);道暹(A001552);守篤(A036505)
X0657,涅槃經治定疏科,宋 智圓撰,智圓,智圓(A001282)
X0658,涅槃經會疏條箇,,,
X0659,涅槃經會疏,隋 灌頂撰　唐 湛然再治　日本 本純分會,"灌頂,湛然,本純",灌頂(A004896);湛然(A001307);本純(A000255)
X0660,涅槃經疏私記,唐 行滿集,行滿,行滿(A000423)
X0661,涅槃經疏私記,唐 道暹述,道暹,道暹(A001552)
X0662,涅槃經疏三德指歸,宋 智圓述,智圓,智圓(A001282)
X0663,科南本涅槃經,元 師正排科　可度重訂,"師正,可度",師正(A022326);可度(A000221)
X0664,涅槃經會疏解,元 師正分科　明 圓澄會疏,"師正,圓澄",師正(A022326);圓澄(A005648)
X0665,遺教經補註,宋 守遂註　明 了童補註,"守遂,了童",守遂(A000362);了童(A000036)
X0666,遺教經解,明 智旭述,智旭,智旭(A001257)
X0669,四十二章經註,宋 守遂註　明 了童補註,"守遂,了童",守遂(A000362);了童(A000036)
X0670,四十二章經解,明 智旭著,智旭,智旭(A001257)
X0671,四十二章經疏鈔,清 續法述,續法,續法(A001959)
X0672,八大人覺經略解,明 智旭解,智旭,智旭(A001257)
X0673,八大人覺經疏,清 續法述,續法,續法(A001959)
X0674,閱經十二種,清 淨挺著,淨挺,淨挺(A001106)
X0675,佛祖三經指南,明 道霈述,道霈,道霈(A001551)
X0676,梵網菩薩戒經義疏,隋 智顗說　唐 灌頂記,"智顗,灌頂",智顗(A001301);灌頂(A004896)
X0678,梵網菩薩戒經疏註,宋 與咸(入疏箋經加註釋疏),與咸,與咸(A001637)
X0679,梵網菩薩戒經義疏發隱,明 袾宏發隱,袾宏,袾宏(A001394)
X0680,梵網菩薩戒經義疏發隱事義,明 袾宏述,袾宏,袾宏(A001394)
X0681,梵網菩薩戒經義疏發隱問辯,明 袾宏述,袾宏,袾宏(A001394)
X0682,梵網經記,唐 傳奧述,傳奧,傳奧(A001396)
X0683,梵網經菩薩戒本私記,新羅 元曉造,元曉,元曉(A000136)
X0686,梵網經菩薩戒本述記,唐 勝莊撰,勝莊,勝莊(A001179)
X0687,梵網經菩薩戒本疏,唐 知周撰,知周,知周(A000754)
X0690,梵網經菩薩戒疏,唐 法銑撰,法銑,法銑(A000735)
X0691,梵網經菩薩戒注,宋 慧因註,慧因,慧因(A001705)
X0692,菩薩戒疏隨見錄,明 今釋造,今釋,今釋(A000112)
X0693,梵網經玄義,明 智旭述　道昉訂,"智旭,道昉",智旭(A001257);道昉(A001515)
X0694,梵網經合註,明 智旭註　道昉訂,"智旭,道昉",智旭(A001257);道昉(A001515)
X0695,梵網經菩薩戒略疏,明 弘贊述,弘贊,弘贊(A000244)
X0696,半月誦菩薩戒儀式註,明 弘贊注,弘贊,弘贊(A000244)
X0697,梵網經直解,明 寂光直解,寂光,寂光(A001028)
X0698,梵網經直解事義,,,
X0699,梵網經順硃,清 德玉順硃,德玉,德玉(A001669)
X0700,梵網經菩薩戒初津,清 書玉述,書玉,書玉(A000935)
X0702,菩薩戒本箋要,明 智旭箋,智旭,智旭(A001257)
X0703,菩薩戒羯磨文釋,明 智旭釋,智旭,智旭(A001257)
X0704,地持論義記,隋 慧遠述,慧遠,慧遠(A002000)
X0705,瓔珞本業經疏,新羅 元曉撰,元曉,元曉(A000136)
X0706,十善業道經節要,清 蕅益編訂,蕅益,蕅益(A001257)
X0707,新刪定四分僧戒本,唐 道宣刪定,道宣,道宣(A001519)
X0708,毗尼珍敬錄,明 廣承輯錄　智旭會補,"廣承,智旭",廣承(A001134);智旭(A001257)
X0709,毗尼止持會集,清 讀體集,讀體,讀體(A001972)
X0712,四分律含注戒本疏發揮記,宋 允堪述,允堪,允堪(A000138)
X0713,四分律含注戒本疏科,宋 元照錄,元照,元照(A000129)
X0714,四分律含注戒本疏行宗記(第1卷-第3卷),唐 道宣撰　宋 元照述　日本 即靜分會,"道宣,元照,即靜",道宣(A001519);元照(A000129);即靜(A000455)
X0715,釋四分戒本序,宋 道言述,道言,道言(A001508)
X0716,四分戒本緣起事義,明 廣莫輯錄,廣莫,廣莫(A001663)
X0717,四分戒本如釋,明 弘贊繹,弘贊,弘贊(A000244)
X0718,四分戒本約義,明 元賢述,元賢,元賢(A000135)
X0719,重治毗尼事義集要,明 智旭輯繹,智旭,智旭(A001257)
X0720,毗尼關要,清 德基輯,德基,德基(A001679)
X0721,毗尼關要事義,清 德基輯,德基,德基(A001679)
X0722,四分刪定比丘尼戒本,宋 元照重定,元照,元照(A000129)
X0723,四分比丘尼鈔科,宋 允堪述,允堪,允堪(A000138)
X0724,四分比丘尼鈔,唐 道宣述,道宣,道宣(A001519)
X0725,式叉摩那尼戒本,明 弘贊輯,弘贊,弘贊(A000244)
X0726,四分律隨機羯磨疏正源記,宋 允堪述,允堪,允堪(A000138)
X0727,四分律刪補隨機羯磨疏科,宋 元照錄,元照,元照(A000129)
X0728,四分律刪補隨機羯磨疏濟緣記,唐 道宣疏　宋 元照述　日本 禪能合會,"道宣,元照,禪能",道宣(A001519);元照(A000129);禪能(A001863)
X0729,羯磨經序解,宋 則安述,則安,則安(A000815)
X0730,毗尼作持續釋,唐 道宣撰集　清 讀體續釋,"道宣,讀體",道宣(A001519);讀體(A001972)
X0731,四分律疏,唐 法礪撰述,法礪,法礪(A000747)
X0732,四分律搜玄錄,唐 志鴻撰述,志鴻,志鴻(A000504)
X0733,四分律疏飾宗義記,唐 定賓作,定賓,定賓(A000614)
X0734,四分律疏,唐 智首撰,智首,智首(A001269)
X0735,四分律開宗記,唐 懷素撰,懷素,懷素(A001899)
X0736,四分律行事鈔批,唐 大覺撰,大覺,大覺(A000075)
X0737,四分律行事鈔簡正記,後唐 景霄纂,景霄,景霄(A001248)
X0738,四分律行事鈔科,宋 元照錄,元照,元照(A000129)
X0740,資持記序解并五例講義,宋 則安述,則安,則安(A000815)
X0741,行事鈔諸家記標目,宋 慧顯集　日本 戒月改錄,"慧顯,戒月",慧顯(A001745);戒月(A000509)
X0742,資持記立題拾義,宋 道標出,道標,道標(A001548)
X0743,毗尼討要,唐 玄惲纂,玄惲,玄惲(A000296)
X0744,四分律名義標釋,明 弘贊輯,弘贊,弘贊(A000244)
X0745,四分律藏大小持戒犍度略釋,明 智旭釋,智旭,智旭(A001257)
X0746,四分律拾毗尼義鈔科,宋 元照錄,元照,元照(A000129)
X0747,四分律拾毗尼義鈔,唐 道宣撰,道宣,道宣(A001519)
X0748,四分律拾毗尼義鈔輔要記,宋 允堪述,允堪,允堪(A000138)
X0749,佛說齋經科註,明 智旭科註,智旭,智旭(A001257)
X0750,佛說目連五百問經略解,明 性祇述,性祇,性祇(A000630)
X0751,佛說目連五百問戒律中輕重事經釋,明 永海述,永海,永海(A000284)
X0753,十地經論義記,隋 慧遠撰,慧遠,慧遠(A002000)
X0754,起信論一心二門大意,陳 智愷作,智愷,智愷(A001283)
X0755,起信論義疏,隋 曇延撰,曇延,曇延(A001779)
X0757,起信論疏記,新羅 元曉疏並別記,元曉,元曉(A000136)
X0759,起信論同異集,唐 見登集,見登,見登(A000543)
X0762,起信論纂註,明 真界纂註,真界,真界(A000948)
X0763,起信論捷要,明 正遠註,正遠,正遠(A000275)
X0764,起信論續疏,明 通潤述疏,通潤,通潤(A001156)
X0765,大乘起信論疏略,唐 法藏造疏　明 德清纂略,"法藏,德清",法藏(A002450);德清(A001681)
X0766,起信論直解,明 德清述,德清,德清(A001681)
X0767,起信論疏記會閱卷首,,,
X0768,起信論疏記會閱,清 續法會編,續法,續法(A001959)
X0770,釋摩訶衍論記,唐 聖法鈔,聖法,聖法(A001481)
X0771,釋摩訶衍論疏,唐 法敏集,法敏,法敏(A005825)
X0772,釋摩訶衍論贊玄疏,宋 法悟撰,法悟,法悟(A000711)
X0773,釋摩訶衍論科,宋 普觀治定,普觀,普觀(A001239)
X0774,釋摩訶衍論記,宋 普觀述,普觀,普觀(A001239)
X0775,釋摩訶衍論通玄鈔,遼 志福撰,志福,志福(A000500)
X0776,大宗地玄文本論略註,清 楊文會略註,楊文會,楊文會(A001440)
X0777,金剛頂菩提心論略記,唐 遍滿撰,遍滿,遍滿(A001579)
X0784,大乘四論玄義,唐 均正撰,均正,均正(A000460)
X0786,大乘法界無差別論疏領要鈔科,宋 普觀錄,普觀,普觀(A001239)
X0787,大乘法界無差別論疏領要鈔,宋 普觀述,普觀,普觀(A001239)
X0788,掌珍論疏,,,
X0790,法華經論述記,唐,,
X0791,大智度論疏,南北朝 慧影抄撰,慧影,慧影(A001735)
X0794,瑜伽論劫章頌,唐 窺基撰,窺基,窺基(A001019)
X0796,雜集論述記,唐 窺基撰,窺基,窺基(A001019)
X0797,中邊分別論疏,新羅 元曉撰,元曉,元曉(A000136)
X0799,百法論顯幽鈔,宋 從芳述,從芳,從芳(A001055)
X0802,百法明門論論義,明 德清述,德清,德清(A001681)
X0803,百法明門論纂,明 廣益纂釋,廣益,廣益(A001661)
X0804,百法明門論贅言,唐 窺基解　明 明昱贅言,"窺基,明昱",窺基(A001019);明昱(A000660)
X0805,百法明門論直解,明 智旭解,智旭,智旭(A001257)
X0806,成唯識論料簡,唐 窺基撰,窺基,窺基(A001019)
X0808,成唯識論別抄,唐 窺基撰,窺基,窺基(A001019)
X0810,成唯識論掌中樞要記,唐 智周述,智周,智周(A001260)
X0812,成唯識論了義燈記,唐 智周撰,智周,智周(A001260)
X0814,成唯識論義蘊,唐 道邑撰,道邑,道邑(A001509)
X0815,成唯識論疏義演,唐 如理集,如理,如理(A000347)
X0816,成唯識論演秘釋,唐 如理撰,如理,如理(A000347)
X0817,註成唯識論,,,
X0818,成唯識論學記,新羅 太賢集,太賢,太賢(A000152)
X0819,成唯識論疏抄,唐 靈泰撰,靈泰,靈泰(A001983)
X0820,成唯識論俗詮,明 明昱俗詮,明昱,明昱(A000660)
X0821,成唯識論集解,明 通潤集解,通潤,通潤(A001156)
X0822,成唯識論證義(第1卷-第3卷),明 王肯堂證義,王肯堂,王肯堂(A000205)
X0823,成唯識論自攷,明 大惠錄,大惠,大惠(A000061)
X0824,成唯識論觀心法要,明 智旭述,智旭,智旭(A001257)
X0825,成唯識論音響補遺科,清 智素科,智素,智素(A001271)
X0826,成唯識論音響補遺,清 智素補遺,智素,智素(A001271)
X0827,唯識三十論約意,明 明昱約意,明昱,明昱(A000660)
X0828,唯識三十論直解,明 智旭解,智旭,智旭(A001257)
X0830,觀所緣緣論會釋,明 明昱會釋,明昱,明昱(A000660)
X0831,觀所緣緣論直解,明 智旭解,智旭,智旭(A001257)
X0832,觀所緣緣論釋記,明 明昱錄記,明昱,明昱(A000660)
X0833,觀所緣緣論釋直解,明 智旭解,智旭,智旭(A001257)
X0836,俱舍論疏,唐 神泰述,神泰,神泰(A000987)
X0837,俱舍論法宗原,唐 普光撰,普光,普光(A000060)
X0838,俱舍論頌疏序記,唐 法盈修,法盈,法盈(A000708)
X0839,俱舍論頌疏義鈔,唐 慧暉述,慧暉,慧暉(A001732)
X0841,俱舍論頌疏記,唐 遁麟述,遁麟,遁麟(A001581)
X0842,俱舍論頌疏,某補作,,
X0843,順正理論述文記,唐 元瑜述,元瑜,元瑜(A000130)
X0844,異部宗輪論疏述記,唐 窺基記,窺基,窺基(A001019)
X0845,遺教經論住法記,宋 元照述,元照,元照(A000129)
X0846,遺教經論記,宋 觀復述,觀復,觀復(A001991)
X0847,因明入正理門論述記,唐 神泰述,神泰,神泰(A000987)
X0848,因明入正理論疏,唐 文軌述,文軌,文軌(A000170)
X0852,因明入正理論續疏,唐 慧沼述,慧沼,慧沼(A001708)
X0853,因明入正理論疏前記,唐 智周撰,智周,智周(A001260)
X0854,因明入正理論疏後記,唐 智周撰,智周,智周(A001260)
X0855,因明入正理論疏抄,唐 智周撰,智周,智周(A001260)
X0856,因明入正理論解,明 真界集解,真界,真界(A000948)
X0857,因明入正理論集解,明 王肯堂集釋,王肯堂,王肯堂(A000205)
X0858,因明入正理論直疏,明 明昱疏,明昱,明昱(A000660)
X0859,因明入正理論直解,明 智旭述,智旭,智旭(A001257)
X0860,判比量論,新羅 元曉述,元曉,元曉(A000136)
X0861,三支比量義鈔,唐 玄奘立　宋 延壽造　明 明昱鈔,"玄奘,延壽,明昱",明昱(A000660);延壽(A000282);明昱(A000660)
X0862,真唯識量略解,明 智旭略解,智旭,智旭(A001257)
X0866,肇論疏,晉 惠達撰,惠達,惠達(A001203)
X0868,肇論疏科,宋 遵式排定,遵式,遵式(A014878)
X0869,夾科肇論序注,宋 曉月注,曉月,曉月(A001776)
X0870,注肇論疏,宋 遵式述,遵式,遵式(A014878)
X0872,肇論新疏游刃,宋 文才述,文才,文才(A000166)
X0873,肇論略註,明 德清述,德清,德清(A001681)
X0876,三論略章,隋 吉藏撰,吉藏,吉藏(A000329)
X0878,物不遷正量證,明 道衡述,道衡,道衡(A001557)
X0879,物不遷正量論,明 鎮澄著,鎮澄,鎮澄(A001889)
X0880,物不遷論辯解,明 真界解,真界,真界(A000948)
X0882,大乘法苑義林章補闕,唐 慧沼撰,慧沼,慧沼(A001708)
X0883,大乘法苑義林章決擇記,唐 智周撰,智周,智周(A001260)
X0884,表無表章栖翫記,宋 守千述,守千,守千(A000357)
X0888,唯識開蒙問答,元 雲峯集,雲峯,雲峯(A001388)
X0890,八識規矩補註證義,明 明昱證義,明昱,明昱(A000660)
X0891,八識規矩略說,明 正誨略說,正誨,正誨(A000274)
X0892,八識規矩頌解,明 真可述,真可,真可(A000944)
X0893,八識規矩通說,明 德清述,德清,德清(A001681)
X0894,八識規矩纂釋,明 廣益纂釋,廣益,廣益(A001661)
X0895,八識規矩直解,明 智旭解,智旭,智旭(A001257)
X0896,八識規矩淺說,清 行舟說,行舟,行舟(A000406)
X0897,八識規矩頌注,清 行舟註,行舟,行舟(A000406)
X0898,八識規矩論義,清 性起論釋　善漳等錄,"性起,善漳",性起(A000634);善漳(A001348)
X0899,相宗八要,明 洪恩輯,洪恩,洪恩(A004672)
X0900,相宗八要解,明 明昱著,明昱,明昱(A000660)
X0901,相宗八要直解,明 智旭解,智旭,智旭(A001257)
X0902,一乘佛性究竟論,唐 法寶述,法寶,法寶(A000746)
X0903,隨自意三昧,陳 慧思撰,慧思,慧思(A001711)
X0904,大乘止觀法門宗圓記,宋 了然述,了然,了然(A000035)
X0905,大乘止觀法門釋要,明 智旭述,智旭,智旭(A001257)
X0907,禪門章,隋 智顗說,智顗,智顗(A001301)
X0908,禪門要略,隋 智顗出,智顗,智顗(A001301)
X0909,三觀義,隋 智顗撰,智顗,智顗(A001301)
X0911,觀心食法,隋 智顗述,智顗,智顗(A001301)
X0912,觀心誦經法記,隋 智顗說　唐 湛然述,"智顗,湛然",智顗(A001301);湛然(A001307)
X0913,天台智者大師發願文,隋 智顗撰,智顗,智顗(A001301)
X0914,普賢菩薩發願文,隋 智顗撰,智顗,智顗(A001301)
X0915,刪定止觀,唐 梁肅述,梁肅,梁肅(A001081)
X0916,天台智者大師傳論,唐 梁肅述,梁肅,梁肅(A001081)
X0917,止觀科節,唐 法藏撰,法藏,法藏(A002450)
X0918,止觀記中異義,唐 道邃說　乾淑集,"道邃,乾淑",道邃(A001563);乾淑(A001011)
X0919,止觀輔行搜要記,唐 湛然述,湛然,湛然(A001307)
X0920,止觀輔行助覽,宋 有嚴注,有嚴,有嚴(A000383)
X0921,摩訶止觀義例纂要,宋 從義撰,從義,從義(A001057)
X0922,摩訶止觀義例科,宋 從義排,從義,從義(A001057)
X0923,摩訶止觀義例隨釋,宋 處元述,處元,處元(A001138)
X0924,摩訶止觀貫義科,明 天溪說　清 靈耀補定,"天溪,靈耀",天溪(A000555);靈耀(A001987)
X0925,十不二門義,唐 道邃錄出,道邃,道邃(A001563)
X0926,法華十妙不二門示珠指,宋 源清述,源清,源清(A001449)
X0927,註法華本迹十不二門,宋 宗翌述,宗翌,宗翌(A000591)
X0928,十不二門文心解,宋 仁岳述,仁岳,仁岳(A000106)
X0929,法華玄記十不二門顯妙,宋 處謙述,處謙,處謙(A001142)
X0930,十不二門樞要,宋 了然述,了然,了然(A000035)
X0931,十不二門指要鈔詳解,宋 可度詳解　明 正謐分會,"可度,正謐",可度(A000221);正謐(A000277)
X0932,金剛錍論私記,唐 明曠記　日本 辯才會,"明曠,辯才",明曠(A000673);辯才(A001964)
X0933,金剛錍科,宋 淨岳撰,淨岳,淨岳(A001117)
X0934,金剛錍科,宋 智圓集,智圓,智圓(A001282)
X0935,金剛錍顯性錄,宋 智圓集,智圓,智圓(A001282)
X0936,金剛錍論義解,宋 善月述,善月,善月(A000848)
X0937,金剛錍論釋文,宋 時舉釋　明 海眼會,"時舉,海眼",時舉(A000934);海眼(A000937)
X0938,始終心要注,宋 從義注,從義,從義(A001057)
X0939,法華五百問論,唐 湛然述,湛然,湛然(A001307)
X0940,學天台宗法門大意,唐 行滿述,行滿,行滿(A000423)
X0941,六即義,唐 行滿述,行滿,行滿(A000423)
X0942,天台宗未決（附釋疑）,日本 最澄．圓澄．義真．光定．德圓 問　唐 道邃．廣修．維蠲．宗頴 答,"最澄,圓澄,義真,光定,德圓,道邃,廣修,維蠲,宗頴",最澄(A001177);圓澄(A001420);義真(A001467);光定(A000317);德圓(A036506);道邃(A001563);廣修(A001660);維蠲(A014724);宗頴(A036507)
X0943,法華龍女成佛權實義,宋 源清述,源清,源清(A001449)
X0944,寶雲振祖集,宋 宗曉編,宗曉,宗曉(A000601)
X0946,螺溪振祖集,宋 元悟編,元悟,元悟(A000118)
X0948,四明仁岳異說叢書,宋 繼忠集,繼忠,繼忠(A001931)
X0949,閑居編,宋 智圓著,智圓,智圓(A001282)
X0950,金園集,宋 遵式述　慧觀重編,"遵式,慧觀",遵式(A001832);慧觀(A036508)
X0951,天竺別集,宋 遵式述　慧觀重編,"遵式,慧觀",遵式(A001832);慧觀(A036508)
X0952,重編天台諸文類集,宋 如吉編,如吉,如吉(A000339)
X0953,別傳心法議,宋 戒珠撰,戒珠,戒珠(A000513)
X0954,三千有門頌略解,明 真覺略解,真覺,真覺(A000964)
X0955,復宗集,宋 與咸述,與咸,與咸(A001637)
X0956,山家義苑,宋 可觀 述　智增 證,"可觀,智增",可觀(A000226);智增(A001290)
X0957,竹菴艸錄,宋 可觀撰,可觀,可觀(A000226)
X0958,圓頓宗眼,宋 法登述,法登,法登(A000727)
X0959,議中興教觀,宋 法登述,法登,法登(A000727)
X0960,三教出興頌註,宋 宗曉注,宗曉,宗曉(A000601)
X0961,施食通覽,宋 宗曉編,宗曉,宗曉(A000601)
X0962,不可剎那無此君,宋 義銛述,義銛,義銛(A001476)
X0963,北峯教義,宋 宗印撰,宗印,宗印(A000571)
X0964,台宗十類因革論,宋 善月述,善月,善月(A000848)
X0965,山家緒餘集,宋 善月述,善月,善月(A000848)
X0966,台宗精英集,宋 普容集,普容,普容(A001216)
X0967,教觀撮要論,宋,,
X0968,增修教苑清規,元 自慶編述,自慶,自慶(A000399)
X0969,天台傳佛心印記註,明 傳燈註,傳燈,傳燈(A007274)
X0970,性善惡論,明 傳燈註,傳燈,傳燈(A007274)
X0971,書,明 克勤著,克勤,克勤(A000453)
X0972,法界安立圖,明 仁潮錄,仁潮,仁潮(A000110)
X0974,教觀綱宗釋義,明 智旭述,智旭,智旭(A001257)
X0975,隨緣集,清 靈耀著,靈耀,靈耀(A001987)
X0976,四教儀集解,宋 從義撰,從義,從義(A001057)
X0977,四教儀備釋,元 元粹述,元粹,元粹(A000132)
X0978,四教儀集註科,元 蒙潤排定,蒙潤,蒙潤(A001638)
X0979,四教儀集註節義,清 靈耀節,靈耀,靈耀(A001987)
X0980,四教儀註彙補輔宏記,清 性權記,性權,性權(A000645)
X0985,華嚴融會一乘義章明宗記,宋 師會述,師會,師會(A000915)
X0991,華嚴經普賢觀行法門,唐 法藏撰,法藏,法藏(A002450)
X0993,華嚴還源觀科,宋 淨源刊正,淨源,淨源(A001113)
X0994,華嚴妄盡還源觀疏鈔補解,宋 淨源述,淨源,淨源(A001113)
X0995,華嚴一乘教義分齊章義苑疏,宋 道亭述,道亭,道亭(A001516)
X0996,華嚴一乘教義分齊章焚薪,宋 師會錄,師會,師會(A000915)
X0997,華嚴一乘教義分齊章科,宋 師會述,師會,師會(A000915)
X0998,華嚴一乘教義分齊章復古記,宋 師會．善熹述,"師會,善熹",師會(A000915);善熹(A001350)
X0999,五教章集成記,宋 希迪述,希迪,希迪(A000487)
X1000,評復古記,宋 希迪錄,希迪,希迪(A000487)
X1004,五蘊觀,唐 澄觀述,澄觀,澄觀(A001755)
X1005,華嚴心要法門註,唐 宗密述,宗密,宗密(A000587)
X1007,註華嚴法界觀科文,唐 宗密述,宗密,宗密(A000587)
X1008,註華嚴法界觀科文,唐 宗豫述,宗豫,宗豫(A000602)
X1010,勸發菩提心文,唐 裴休述,裴休,裴休(A003624)
X1013,華嚴法相槃節,宋 道通述,道通,道通(A012731)
X1014,法界觀披雲集,宋 道通述,道通,道通(A012731)
X1015,圓宗文類,高麗 義天集,義天,義天(A001462)
X1016,註華嚴同教一乘策,宋 師會述　希迪註,"師會,希迪",師會(A000915);希迪(A000487)
X1017,註同教問答,宋 師會述　善熹註,"師會,善熹",師會(A000915);善熹(A001350)
X1018,評金剛錍,宋 善熹述,善熹,善熹(A001350)
X1019,辨非集,宋 善熹述,善熹,善熹(A001350)
X1020,斥謬,宋 善熹書,善熹,善熹(A001350)
X1022,五相智識頌,宋 佚名撰,佚名,
X1023,華嚴大意,明 善堅撰,善堅,善堅(A001339)
X1024,賢首五教儀,清 續法集錄,續法,續法(A001959)
X1025,賢首五教儀開蒙,清 續法集,續法,續法(A001959)
X1026,賢首五教斷證三覺揀濫圖,清 續法集,續法,續法(A001959)
X1027,法界宗蓮花章,清 續法集,續法,續法(A001959)
X1028,華嚴鏡燈章,清 續法集,續法,續法(A001959)
X1029,一乘決疑論,清 彭際清述,彭際清,彭際清(A001188)
X1030,華嚴念佛三昧論,清 彭際清述,彭際清,彭際清(A001188)
X1031,華嚴原人論發微錄,宋 淨源述,淨源,淨源(A001113)
X1032,華嚴原人論解,元 圓覺解,圓覺,圓覺(A001422)
X1033,華嚴原人論合解,元 圓覺解　明 楊嘉祚刪合,"圓覺,楊嘉祚",圓覺(A001422);楊嘉祚(A007822)
X1043,看命一掌金,唐 一行著,一行,一行(A000008)
X1048,持咒仙人飛鉢儀軌,唐 不空拔出,不空,不空(A000095)
X1052,成就夢想法,唐 不空述,不空,不空(A000095)
X1054,多利心菩薩念誦法,南天竺 跋折羅菩提集撰,跋折羅菩提,跋折羅菩提(A001375)
X1069,釋迦牟尼如來拔除苦惱現大神變飛空大鉢法,唐 般若 傳,般若,般若(A036834)
X1073,金胎兩界師資相承,唐 海雲集,海雲,海雲(A000938)
X1074,胎金兩界血脈,唐 造玄增補,造玄,造玄(A001158)
X1077,準提淨業,明 謝于教 著,謝于教,謝于教(A001866)
X1078,準提心要,明 施堯挺撰,施堯挺,施堯挺(A019146)
X1079,持誦準提真言法要,清 弘贊輯,弘贊,弘贊(A000244)
X1080,瑜伽集要施食儀軌,明 袾宏重訂,袾宏,袾宏(A001394)
X1081,修設瑜伽集要施食壇儀,明 袾宏補註,袾宏,袾宏(A001394)
X1082,於密滲施食旨槩,清 法藏著,法藏,法藏(A003668)
X1083,修習瑜伽集要施食壇儀,清 法藏著,法藏,法藏(A003668)
X1084,瑜伽燄口註集纂要儀軌,清 寂暹纂,寂暹,寂暹(A001034)
X1085,受菩薩戒儀,陳 慧思撰,慧思,慧思(A001711)
X1086,授菩薩戒儀,唐 湛然述,湛然,湛然(A001307)
X1087,略授三歸五八戒並菩薩戒,唐 澄照讚,澄照,澄照(A001753)
X1088,受菩薩戒法,宋 延壽撰,延壽,延壽(A000282)
X1094,釋門歸敬儀護法記,宋 彥起撰,彥起,彥起(A000826)
X1095,釋門歸敬儀通真記,宋 了然述　日本 慧光合,"了然,慧光",了然(A000035);慧光(A036835)
X1096,淨心誡觀法發真鈔,宋 允堪述　日本 慧光合,"允堪,慧光",允堪(A000138);慧光(A036835)
X1097,釋門章服儀應法記,宋 元照述　日本 良信合,"元照,良信",元照(A000129);良信(A000536)
X1098,衣鉢名義章,宋 允堪述,允堪,允堪(A000138)
X1099,新受戒比丘六念五觀法,宋 允堪撰錄,允堪,允堪(A000138)
X1100,道具賦,宋 元照撰,元照,元照(A000129)
X1102,佛制六物圖辯訛,宋 妙生述,妙生,妙生(A000462)
X1103,三衣顯正圖,宋 妙生述,妙生,妙生(A000462)
X1104,芝園遺編,宋 元照錄　道詢集,"元照,道詢",元照(A000129);道詢(A001543)
X1105,芝園集,宋 元照作,元照,元照(A000129)
X1106,補續芝園集,宋 元照撰,元照,元照(A000129)
X1107,律宗新學名句,宋 惟顯編,惟顯,惟顯(A001078)
X1108,律宗問答,日本 俊芿問　宋 了然．智瑞．妙音答,"俊芿,了然,智瑞,妙音",俊芿(A000811);了然(A000035);智瑞(A001285);妙音(A000469)
X1109,終南家業,宋 守一述　行枝編,"守一,行枝",守一(A011485);行枝(A000410)
X1110,律宗會元,宋 守一集,守一,守一(A011485)
X1111,蓬折直辨,宋 妙蓮撰,妙蓮,妙蓮(A000477)
X1112,蓬折箴,宋 妙蓮撰,妙蓮,妙蓮(A000477)
X1113,律苑事規,元 省悟編述　嗣良參訂,"省悟,嗣良",省悟(A000860);嗣良(A001399)
X1114,毗尼日用錄,明 性祇述,性祇,性祇(A000630)
X1115,毗尼日用切要,清 讀體彙集,讀體,讀體(A001972)
X1116,毗尼日用切要香乳記,清 書玉箋記,書玉,書玉(A000935)
X1117,沙門日用,清 弘贊編,弘贊,弘贊(A000244)
X1118,沙彌律儀要略增註,清 弘贊註,弘贊,弘贊(A000244)
X1119,沙彌律儀要略述義,清 書玉科釋,書玉,書玉(A000935)
X1120,沙彌律儀毗尼日用合參,清 戒顯訂閱　濟岳彙箋,"戒顯,濟岳",戒顯(A004077);濟岳(A001854)
X1121,沙彌十戒威儀錄要,明 智旭重輯,智旭,智旭(A001257)
X1122,沙彌尼律儀要略,清 讀體輯集,讀體,讀體(A001972)
X1123,在家律要廣集,明 智旭集　清 儀潤．陳熙願增訂,"智旭,儀潤,陳熙願",智旭(A001257);儀潤(A001647);陳熙願(A001166)
X1124,律要後集,明 智旭集,智旭,智旭(A001257)
X1125,律學發軔,明 元賢述,元賢,元賢(A000135)
X1126,弘戒法儀,明 法藏輯,法藏,法藏(A003668)
X1127,傳授三壇弘戒法儀,明 法藏 撰集　清 超遠 檢錄,"法藏,超遠",法藏(A003668);超遠(A001373)
X1128,傳戒正範,清 讀體撰,讀體,讀體(A001972)
X1129,歸戒要集,清 弘贊輯,弘贊,弘贊(A000244)
X1130,八關齋法,清 弘贊輯,弘贊,弘贊(A000244)
X1131,比丘受戒錄,清 弘贊述,弘贊,弘贊(A000244)
X1132,比丘尼受戒錄,清 弘贊述,弘贊,弘贊(A000244)
X1133,沙彌學戒儀軌頌註,清 弘贊述並註,弘贊,弘贊(A000244)
X1134,二部僧授戒儀式,清 書玉述,書玉,書玉(A000935)
X1135,羯磨儀式,清 書玉述,書玉,書玉(A000935)
X1136,經律戒相布薩軌儀,明 如馨纂要,如馨,如馨(A000352)
X1137,梵網經懺悔行法,明 智旭述,智旭,智旭(A001257)
X1138,戒殺四十八問,清 周思仁述,周思仁,周思仁(A000562)
X1139,體仁要術,清 彭紹升著,彭紹升,彭紹升(A001188)
X1145,西方要決科註,,,
X1149,注十疑論,宋 澄彧註,澄彧,澄彧(A001751)
X1154,淨土指歸集,明 大佑集,大佑,大佑(A000055)
X1155,淨土簡要錄,明 道衍編,道衍,道衍(A001522)
X1156,歸元直指集,明 宗本集,宗本,宗本(A000568)
X1157,淨土決,明 李贄集,李贄,李贄(A009892)
X1158,答四十八問,明 袾宏著,袾宏,袾宏(A001394)
X1160,西方願文,明 袾宏著並釋,袾宏,袾宏(A001394)
X1161,西方發願文註,清 實賢註,實賢,實賢(A001617)
X1162,淨土資糧全集,明 袾宏校正　莊廣還輯,"袾宏,莊廣還",袾宏(A001394);莊廣還(A001137)
X1163,西方直指,明 一念編,一念,一念(A000011)
X1164,淨土十要,明 成時(評點節要),成時,成時(A000375)
X1165,西方合論標註,明 明教標註,明教,明教(A000665)
X1166,淨慈要語,明 元賢述,元賢,元賢(A000135)
X1167,淨土生無生論註,明 正寂註,正寂,正寂(A000270)
X1168,淨土生無生論親聞記,明 受教記,受教,受教(A000554)
X1169,淨土生無生論會集,清 達默集,達默,達默(A001575)
X1170,雲棲淨土彙語,清 虞執西．嚴培西同錄,"虞執西,嚴培西",虞執西(A001490);嚴培西(A001913)
X1171,淨土旨訣,清 道霑撰,道霑,道霑(A001551)
X1172,淨土晨鐘,清 周克復纂,周克復,周克復(A000558)
X1173,西歸直指,清 周夢顏彙集,周夢顏,周夢顏(A000562)
X1174,淨土警語,清 行策著,行策,行策(A000421)
X1175,起一心精進念佛七期規式,清 行策定,行策,行策(A000421)
X1176,淨土全書,清 俞行敏重輯,俞行敏,俞行敏(A000813)
X1177,角虎集,清 濟能纂輯,濟能,濟能(A001856)
X1178,東海若解,清 實賢解,實賢,實賢(A001617)
X1179,省菴法師語錄,清 彭際清重訂,彭際清,彭際清(A001188)
X1180,重訂西方公據,清 彭際清集,彭際清,彭際清(A001188)
X1181,念佛警策,清 彭際清纂,彭際清,彭際清(A001188)
X1182,徹悟禪師語錄,清 了亮等集,了亮,了亮(A000023)
X1183,淨業知津,清 悟開述,悟開,悟開(A000930)
X1184,念佛百問,清 悟開著,悟開,悟開(A000930)
X1185,徑中徑又徑,清 張師誠著,張師誠,張師誠(A001049)
X1186,勸修淨土切要,清 真益願纂述,真益願,真益願(A001166)
X1187,淨土隨學,清 古崑編,古崑,古崑(A000228)
X1188,淨土必求,清 古崑集,古崑,古崑(A000228)
X1189,淨土承恩集,清 芳慧編,芳慧,芳慧(A000768)
X1190,念佛三昧,金聖歎註,金聖歎,金聖歎(A001456)
X1191,西方確指,清 覺明菩薩說　常攝集,"覺明菩薩,常攝",覺明菩薩(A018267);常攝(A001044)
X1192,清珠集,清 治兆輯,治兆,治兆(A000752)
X1193,蓮邦消息,清 妙空子述,妙空子,妙空子(A001769)
X1194,淨土極信錄,清 戒香述,戒香,戒香(A000512)
X1195,念佛起緣彌陀觀偈直解,清 張淵述,張淵,張淵(A001051)
X1196,淨土證心集,清 卍蓮述,卍蓮,卍蓮(A000432)
X1197,蓮宗必讀,清 古崑集,古崑,古崑(A000228)
X1198,淨土神珠,清 古崑集,古崑,古崑(A000228)
X1199,淨業痛策,清 照瑩集,照瑩,照瑩(A001455)
X1200,時時好念佛,清 果能述,果能,果能(A000680)
X1201,啟信雜說,清 周思仁輯,周思仁,周思仁(A000562)
X1202,淨土紺珠,清 德真輯,德真,德真(A001677)
X1203,修西輯要,清 信菴輯,信菴,信菴(A000807)
X1204,蓮修起信錄,清 程兆鸞錄存,程兆鸞,程兆鸞(A001326)
X1205,報恩論,清 沈善登述,沈善登,沈善登(A000531)
X1206,持名四十八法,清 鄭韋庵述,鄭韋庵,鄭韋庵(A001767)
X1207,蓮邦詩選,明 廣貴輯,廣貴,廣貴(A001665)
X1208,唯心集,清 乘戒著,乘戒,乘戒(A000892)
X1209,影響集,清 量海著,量海,量海(A000232)
X1210,二林唱和詩,清 彭紹升集,彭紹升,彭紹升(A001188)
X1211,觀河集節鈔,清 彭紹升著　弟子節鈔,彭紹升,彭紹升(A001188)
X1212,測海集節鈔,清 彭紹升著　弟子節鈔,彭紹升,彭紹升(A001188)
X1213,瓊樓吟稿節鈔,清 陶善著　弟子節鈔,陶善,陶善(A001170)
X1214,蓮修必讀,清 觀如輯,觀如,觀如(A001988)
X1215,普能嵩禪師淨土詩,清 德潤錄,德潤,德潤(A001692)
X1216,淨土救生船詩,清 寬量集,寬量,寬量(A001655)
X1217,菩提達磨大師略辨大乘入道四行觀,梁 菩提達磨說,菩提達磨,菩提達磨(A001361)
X1218,達磨大師血脉論,梁 菩提達磨述,菩提達磨,菩提達磨(A001361)
X1219,達磨大師悟性論,梁 菩提達磨述,菩提達磨,菩提達磨(A001361)
X1220,達磨大師破相論,梁 菩提達磨述,菩提達磨,菩提達磨(A001361)
X1222,修禪要訣,北天竺 覺愛略說　唐 明恂隨錄　慧智傳,"覺愛,明恂,慧智",覺愛(A000438);明恂(A000661);慧智(A001727)
X1223,頓悟入道要門論,唐 慧海撰,慧海,慧海(A019007)
X1224,諸方門人參問語錄,唐 慧海撰,慧海,慧海(A019007)
X1225,中華傳心地禪門師資承襲圖,唐 裴休問　宗密答,"裴休,宗密",裴休(A003624);宗密(A000587)
X1226,宗門十規論,唐 文益撰,文益,文益(A000174)
X1229,定慧相資歌,宋 延壽撰,延壽,延壽(A000282)
X1230,警世,宋 延壽撰,延壽,延壽(A000282)
X1231,心賦注,宋 延壽述,延壽,延壽(A000282)
X1232,智覺禪師自行錄,宋 文冲(重校編集),文冲,文冲(A000168)
X1233,祇園正儀,宋 道楷撰,道楷,道楷(A001539)
X1234,臨濟宗旨,宋 慧洪撰,慧洪,慧洪(A001673)
X1235,智證傳,宋 慧洪撰　覺慈編,"慧洪,覺慈",慧洪(A001673);覺慈(A001952)
X1236,(重編)曹洞五位顯訣,宋 慧霞編　廣輝釋,"慧霞,廣輝",慧霞(A001739);廣輝(A001666)
X1237,寶鏡三昧本義,清 行策述,行策,行策(A000421)
X1238,寶鏡三昧原宗辨謬說,清 淨訥述,淨訥,淨訥(A001109)
X1239,溈山警策註,宋 守遂註,守遂,守遂(A000362)
X1240,溈山警策句釋記,明 弘贊註　開詗記,"弘贊,開詗",弘贊(A000244);開詗(A001382)
X1241,證道歌註,宋 彥琪註,彥琪,彥琪(A000828)
X1242,永嘉禪宗集註,明 傳燈重編並註,傳燈,傳燈(A007274)
X1244,百丈清規證義記,清 儀潤證義,儀潤,儀潤(A001647)
X1245,(重雕補註)禪苑清規,宋 宗賾集,宗賾,宗賾(A000606)
X1246,入眾日用,宋 宗壽集,宗壽,宗壽(A000596)
X1247,入眾須知,,,
X1248,幻住庵清規,元 明本著,明本,明本(A000655)
X1249,叢林校定清規總要,宋 惟勉編次,惟勉,惟勉(A001065)
X1250,禪林備用清規,元 弋咸編,弋咸,弋咸(A000092)
X1251,叢林兩序須知,明 通容述,通容,通容(A001150)
X1252,禪林疏語考證,明 元賢集,元賢,元賢(A000135)
X1253,初學記,宋 清覺述　元 道安注,"清覺,道安",清覺(A001096);道安(A036836)
X1254,正行集,宋 清覺述,清覺,清覺(A001096)
X1255,禪家龜鑑,朝鮮 退隱述,退隱,退隱(A001002)
X1256,宗門玄鑑圖,明 虗一撰,虗一,虗一(A001362)
X1257,博山禪警語,明 元來說　成正集,"元來,成正",元來(A000114);成正(A000374)
X1258,禪宗直指,明 石成金著,石成金,石成金(A000310)
X1259,禪門鍛鍊說,明 戒顯著,戒顯,戒顯(A004077)
X1260,列祖提綱錄,清 行悅集,行悅,行悅(A000412)
X1261,祖庭事苑,宋 善卿編正,善卿,善卿(A001335)
X1262,禪林寶訓音義,明 大建較,大建,大建(A000057)
X1263,禪林寶訓合註,清 張文嘉較定　張文憲參閱,"張文嘉,張文憲",張文嘉(A001047);張文憲(A001048)
X1264,禪林寶訓拈頌,清 行盛著　超記錄,"行盛,超記",行盛(A000418);超記(A001370)
X1265,禪林寶訓順硃,清 德玉順硃,德玉,德玉(A001669)
X1266,禪林寶訓筆說,清 智祥述,智祥,智祥(A001274)
X1268,叢林公論,宋 惠彬述,惠彬,惠彬(A013249)
X1269,十牛圖頌,宋 師遠述,師遠,師遠(A000918)
X1270,十牛圖頌,明 胡文煥著,胡文煥,胡文煥(A000865)
X1271,十牛圖和頌,,,
X1276,禪門寶藏錄,高麗 天頙撰,天頙,天頙(A000142)
X1277,高峰龍泉院因師集賢語錄,元 如瑛編,如瑛,如瑛(A000350)
X1278,禪宗雜毒海,清 性音重編,性音,性音(A000632)
X1279,五宗原,明 法藏著,法藏,法藏(A003668)
X1280,闢妄救略說,明 圓悟著　真啟編,"圓悟,真啟",圓悟(A003688);真啟(A000952)
X1281,御製揀魔辨異錄,清 世宗皇帝製,清世宗皇帝,清世宗(A000212)
X1282,五家宗旨纂要,清 性統編,性統,性統(A000635)
X1283,宗範,清 錢伊庵編緝,錢伊庵,錢伊庵(A001833)
X1285,慨古錄,明 圓澄著,圓澄,圓澄(A005648)
X1286,祖庭鉗鎚錄,明 通容輯著,通容,通容(A001150)
X1287,千松筆記,明 大韶著,大韶,大韶(A000065)
X1288,萬法歸心錄,清 超溟著,超溟,超溟(A001372)
X1289,禪宗指掌,清 行海述,行海,行海(A000413)
X1290,觀心玄樞,宋 延壽撰,延壽,延壽(A000282)
X1291,證道歌頌,宋 法泉繼頌,法泉,法泉(A000704)
X1292,證道歌註,宋 知訥述,知訥,知訥(A012839)
X1293,證道歌註,元 永盛述　德弘編,"永盛,德弘",永盛(A000285);德弘(A001668)
X1294,溈山警策註,明 大香註,大香,大香(A000058)
X1295,禪宗頌古聯珠通集,宋 法應集　元 普會續集,"法應,普會",法應(A000742);普會(A001226)
X1296,宗門拈古彙集,清 淨符彙集,淨符,淨符(A001108)
X1297,宗鑑法林,清 集雲堂 編,集雲堂,
X1298,禪門諸祖師偈頌,宋 子昇錄　如祐錄,"子昇,如祐",子昇(A000081);如祐(A000344)
X1299,禪林類聚,元 道泰集,道泰,道泰(A022463)
X1301,佛果擊節錄,宋 重顯拈古　克勤擊節,"重顯,克勤",重顯(A000885);克勤(A001411)
X1302,焭絕老人天奇直註雪竇顯和尚頌古,明 本瑞直註　道霖．性福編集,"本瑞,道霖,性福",本瑞(A000259);道霖(A001559);性福(A000639)
X1303,林泉老人評唱投子青和尚頌古空谷集,宋 義青頌古　元 從倫評唱,"義青,從倫",義青(A001466);從倫(A020886)
X1304,林泉老人評唱丹霞淳禪師頌古虗堂集,宋 子淳頌古　元 從倫評唱,"子淳,從倫",子淳(A000084);從倫(A020886)
X1306,焭絕老人天奇直註天童覺和尚頌古,明 本瑞直註　性福編集,"本瑞,性福",本瑞(A000259);性福(A000639)
X1307,萬松老人評唱天童覺和尚拈古請益錄,宋 正覺拈古　元 行秀評唱,"正覺,行秀",正覺(A000278);行秀(A000408)
X1308,徑石滴乳集,清 真在編　機雲重續,"真在,機雲",真在(A000945);機雲(A001806)
X1309,正法眼藏,宋 宗杲集並著語,宗杲,宗杲(A000475)
X1310,拈八方珠玉集,宋 祖慶重編,祖慶,祖慶(A000982)
X1312,通玄百問,元 圓通設問　行秀仰答,"圓通,行秀",圓通(A001413);行秀(A000408)
X1313,青州百問,元 一辯問　覺答,"一辯,覺和尚",一辯(A014695);覺(A022466)
X1314,古尊宿語錄目錄,日本 道忠編,道忠,道忠(A001319)
X1315,古尊宿語錄,宋 賾藏主集,賾藏主,賾藏主(A001893)
X1316,古尊宿語要目錄,日本 道忠編,道忠,道忠(A001319)
X1317,續古尊宿語要目錄,日本 道忠編,道忠,道忠(A001319)
X1318,續古尊宿語要,宋 師明集,師明,師明(A000913)
X1319,御選語錄,清 世宗皇帝御選,清世宗皇帝,清世宗(A000212)
X1320,四家語錄（序．引．跋）,,,
X1321,馬祖道一禪師廣錄（四家語錄卷一）,,,
X1322,百丈懷海禪師語錄（四家語錄卷二）,,,
X1323,百丈懷海禪師廣錄（四家語錄卷三）,,,
X1326,五家語錄（序）,明 圓信．郭凝之 編集,"圓信,郭凝之",圓信(A001408);郭凝之(A001771)
X1333,雪峰義存禪師語錄（真覺禪師語錄）,明 林弘衍編次,林弘衍,林弘衍(A000681)
X1335,善慧大士語錄,唐 樓頴錄,樓頴,樓頴(A001750)
X1336,龐居士語錄,唐 于頔編集,于頔,于頔(A000047)
X1338,石霜楚圓禪師語錄,(小師)慧南重編,慧南,慧南(A003921)
X1339,瑯琊慧覺禪師語錄（序）,(參學)用孫序,用孫,用孫(A036837)
X1340,黃龍四家錄（序）,宋 秀人錢密序,秀人錢密,錢密(A036838)
X1342,雲菴克文禪師語錄（敘．疏．附錄）,,,
X1343,寶覺祖心禪師語錄（黃龍四家錄第二）,(侍者)子和錄　(門人)仲介重編,"子和,仲介",子和(A000080);仲介(A000312)
X1344,死心悟新禪師語錄（黃龍四家錄第三）,,,
X1345,超宗慧方禪師語錄（黃龍四家錄第四）,,,
X1346,雪峰慧空禪師語錄,(嗣法)慧弼編,慧弼,慧弼(A001726)
X1347,長靈守卓禪師語錄,(嗣法)介諶編,介諶,介諶(A000113)
X1348,雪菴從瑾禪師頌古,,,
X1350,保寧仁勇禪師語錄,(參學門人)道勝．圓淨 錄,"道勝,圓淨",道勝(A036840);圓淨(A036839)
X1351,白雲守端禪師語錄,,,
X1352,白雲守端禪師廣錄,(參學小師)處凝．智本．智華．法演 編集、海譚錄,"處凝,智本,智華,法演,海譚",處凝(A001141);智本(A036841);智華(A001280);法演(A036842);海譚(A000940)
X1353,開福道寧禪師語錄,(嗣法小師)善果集,善果,善果(A001334)
X1354,月林師觀禪師語錄,(侍者)法寶．法璹．慶會．法清．有宗．惟珪．道果．慧開．德秀 編,"法寶,法璹,慶會,法清,有宗,惟珪,道果,慧開,德秀",法寶(A036843);法璹(A000688);慶會(A001699);法清(A000718);有宗(A000380);惟珪(A001068);道果(A001512);慧開(A001730);德秀(A001670)
X1355,無門慧開禪師語錄,(侍者)普敬．普通．了心．普禮．法孜．普巖．普覺．光祖．一見 錄,"普敬,普通,了心,普禮,法孜,普巖,普覺,光祖,一見",普敬(A001224);普通(A001223);了心(A000020);普禮(A001236);法孜(A000698);普巖(A001238);普覺(A001237);光祖(A000319);一見(A000010)
X1356,普菴印肅禪師語錄,,,
X1357,佛果克勤禪師心要,(嗣法)子文編,子文,子文(A025113)
X1358,虎丘紹隆禪師語錄,(參學)嗣端 等編,嗣端,嗣端(A001401)
X1359,應菴曇華禪師語錄,(嗣法)守詮 等編,守詮,守詮(A000361)
X1360,瞎堂慧遠禪師廣錄,(參學)齊己．如本．祖淳．法慧 編,"齊己,如本,祖淳,法慧",齊己(A001646);如本(A000337);祖淳(A000974);法慧(A000737)
X1361,濟顛道濟禪師語錄,宋 沈孟柈敘述,沈孟柈,沈孟柈(A000530)
X1362,普覺宗杲禪師語錄,(參學)法宏．道謙 編,"法宏,道謙",法宏(A000699);道謙(A001561)
X1363,西山亮禪師語錄,(侍者)覺心．志清 編,"覺心,志清",覺心(A001938);志清(A000497)
X1364,率菴梵琮禪師語錄,(小師)了見、(侍者)文郁．本空 編,"了見,文郁,本空",了見(A000022);文郁(A000171);本空(A000253)
X1365,北磵居簡禪師語錄,(參學)大觀編,大觀,大觀(A000076)
X1366,物初大觀禪師語錄,(門人)德溥 等編校,德溥,德溥(A001687)
X1367,笑隱大訢禪師語錄,(門人)延俊．慧曇．中孚．崇裕 等編,"延俊,慧曇,中孚,崇裕",延俊(A000621);慧曇(A001737);中孚(A000096);崇裕(A001039)
X1368,偃溪廣聞禪師語錄,(侍者門人)元清．淨志．普暉．元偉．光從．道鑑．道隆．惟實．妙高 編,"元清,淨志,普暉,元偉,光從,道鑑,道隆,惟實,妙高",元清(A000124);淨志(A001100);普暉(A001225);元偉(A000121);光從(A000320);道鑑(A001565);道隆(A001538);惟實(A001074);妙高(A000472)
X1369,大川普濟禪師語錄,(門人)元愷編,元愷,元愷(A000127)
X1370,淮海原肇禪師語錄,(侍者門人)實仁．宗文．法奇．守愿．行佑．了元．善之．淨證．法從．紹熏．普璋．文煥．淨伏．慧行．文謙．正因．法恩．德紀．可能．持志．覺孫．惟康．宗和．如止．有智．慧雲．若舟 編,"實仁,宗文,法奇,守愿,行佑,了元,善之,淨證,法從,紹熏,普璋,文煥,淨伏,慧行,文謙,正因,法恩,德紀,可能,持志,覺孫,惟康,宗和,如止,有智,慧雲,若舟",實仁(A001607);宗文(A000567);法奇(A000702);守愿(A000363);行佑(A000407);了元(A000019);善之(A001331);淨證(A001118);法從(A000715);紹熏(A001130);普璋(A001232);文煥(A000183);淨伏(A001099);慧行(A001706);文謙(A000186);正因(A000263);法恩(A000710);德紀(A001675);可能(A000223);持志(A000840);覺孫(A001946);惟康(A001071);宗和(A000574);如止(A000336);有智(A000381);慧雲(A036844);若舟(A000869)
X1371,介石智朋禪師語錄,(參學侍者)正賢．宗坦．延輝．淨球．智瑾．志諶．祖誾 編,"正賢,宗坦,延輝,淨球,智瑾,志諶,祖誾",正賢(A000276);宗坦(A000575);延輝(A000622);淨球(A001107);智瑾(A001295);志諶(A000503);祖誾(A000983)
X1372,無文道燦禪師語錄,(小師)惟康編,惟康,惟康(A001071)
X1374,龍源介清禪師語錄,(侍者)士洵．德高．懷珠 編,"士洵,德高,懷珠",士洵(A000048);德高(A001678);懷珠(A001898)
X1375,曹源道生禪師語錄,(侍者)道冲編,道冲,道冲(A001507)
X1376,痴絕道冲禪師語錄,(嗣法門人)智沂．悟開．行彌．紹甄．智圓．元省．元樞 編,"智沂,悟開,行彌,紹甄,智圓,元省,元樞",智沂(A001259);悟開(A036845);行彌(A000425);紹甄(A001129);智圓(A035516);元省(A000117);元樞(A000133)
X1377,松源崇嶽禪師語錄,(參學)善開．光睦．普巖．師肇．道巖．了能 等錄,"善開,光睦,普巖,師肇,道巖,了能",善開(A001343);光睦(A021432);普巖(A009658);師肇(A000917);道巖(A001567);了能(A000031)
X1378,無明慧性禪師語錄,(侍者)妙儼．圓澄．妙全．道隆．圓照．法洪．唯道 編,"妙儼,圓澄,妙全,道隆,圓照,法洪,唯道",妙儼(A000479);圓澄(A036846);妙全(A000463);道隆(A001960);圓照(A036847);法洪(A000705);唯道(A001016)
X1379,運菴普巖禪師語錄,(侍者)元靖．智能．惟衍 編,"元靖,智能,惟衍",元靖(A000131);智能(A001272);惟衍(A001067)
X1381,破菴祖先禪師語錄,(參學)圓照等編,圓照,圓照(A036848)
X1382,無準師範禪師語錄,(侍者)宗會．智折．覺圓．如海．妙倫．惟一．了禪．了心．普明．了南．紹曇．了覺．師坦．妙因．至慧 編,"宗會,智折,覺圓,如海,妙倫,惟一,了禪,了心,普明,了南,紹曇,了覺,師坦,妙因,至慧",宗會(A000593);智折(A001258);覺圓(A001951);如海(A000343);妙倫(A000470);惟一(A001060);了禪(A000040);了心(A000020);普明(A001214);了南(A000024);紹曇(A001133);了覺(A000041);師坦(A000912);妙因(A000464);至慧(A000404)
X1383,無準和尚奏對語錄,(侍者)了南．了垠 編,"了南,了垠",了南(A000024);了垠(A000025)
X1384,絕岸可湘禪師語錄,(嗣法門人)妙恩．正從．自永．守靜．慈證．宗永 等編,"妙恩,正從,自永,守靜,慈證,宗永",妙恩(A000471);正從(A000271);自永(A000394);守靜(A000364);慈證(A001433);宗永(A036849)
X1385,樵隱悟逸禪師語錄,(侍者)正定編,正定,正定(A000265)
X1386,石田法薰禪師語錄,(門人)了覺．師坦 等編,"了覺,師坦",了覺(A000041);師坦(A000912)
X1387,劍關子益禪師語錄,(侍者)善珙．德修．慧澄．銳彰．心寧．慧恭 編,"善珙,德修,慧澄,銳彰,心寧,慧恭",善珙(A001338);德修(A001676);慧澄(A001736);銳彰(A001770);心寧(A000158);慧恭(A001714)
X1388,環溪惟一禪師語錄,(參學)覺此編,覺此,覺此(A001943)
X1389,希叟紹曇禪師語錄,(侍者)自悟．了舜．妙恩．普和．惠洇．希革．彌紹．道信．宗壽．道亨 編,"自悟,了舜,妙恩,普和,惠洇,希革,彌紹,道信,宗壽,道亨",自悟(A000397);了舜(A000037);妙恩(A000471);普和(A001213);惠洇(A001200);希革(A000488);彌紹(A001850);道信(A001517);宗壽(A000596);道亨(A001505)
X1390,希叟紹曇禪師廣錄,(侍者)法澄．了舜．普和．希革．惠洇．彌紹．道亨．宗壽 編,"法澄,了舜,普和,希革,惠洇,彌紹,道亨,宗壽",法澄(A000738);了舜(A000037);普和(A001213);希革(A000488);惠洇(A001200);彌紹(A001850);道亨(A001505);宗壽(A000596)
X1391,西巖了慧禪師語錄,(門人侍者)修義．景元．宗清．繼燖．宗應 編,"修義,景元,宗清,繼燖,宗應",修義(A000894);景元(A001241);宗清(A000588);繼燖(A001934);宗應(A000604)
X1392,月磵禪師語錄,(嗣法)妙寅、(侍者)法嚴．德圓．覺靜．永仁．宗煥 等編,"妙寅,法嚴,德圓,覺靜,永仁,宗煥",妙寅(A000473);法嚴(A000745);德圓(A001685);覺靜(A001953);永仁(A000280);宗煥(A000594)
X1393,平石如砥禪師語錄,(嗣法門人)文才．子昶．了因．彌安．元勗．師楷．文斌．汝均．處林．雲岑 等編,"文才,子昶,了因,彌安,元勗,師楷,文斌,汝均,處林,雲岑",子昶(A000082);了因(A000021);彌安(A001848);元勗(A000123);師楷(A000916);文斌(A000181);汝均(A000387);處林(A001139);雲岑(A001386)
X1394,斷橋妙倫禪師語錄,(侍者)文寶．善靖 編,"文寶,善靖",文寶(A000187);善靖(A001346)
X1395,方山文寶禪師語錄,(嗣法)先覩．祖燈 等錄　(法孫)機雲編,"先覩,祖燈,機雲",先覩(A000325);祖燈(A000984);機雲(A001806)
X1396,無見先覩禪師語錄,(嗣法門人)智度等編,智度,智度(A010645)
X1397,雪巖祖欽禪師語錄,(嗣法門人)昭如．希陵 等編,"昭如,希陵",昭如(A000846);希陵(A000489)
X1398,海印昭如禪師語錄,(門人)行純．道彰．從心 集,"行純,道彰,從心",行純(A000415);道彰(A001546);從心(A001054)
X1399,石屋清洪禪師語錄,(參學門人)至柔等編,至柔,至柔(A000402)
X1400,高峰原妙禪師語錄,(參學門人)編,,
X1401,高峰原妙禪師禪要,(侍者)持正錄　(參學)洪喬祖編,"持正,洪喬祖",持正(A000839);洪喬祖(A000856)
X1402,天目明本禪師雜錄,,,
X1403,天如惟則禪師語錄,(小師)善遇編,善遇,善遇(A001345)
X1404,兀菴普寧禪師語錄,(侍者)淨韻．清澤．道昭．景用．禪了 編,"淨韻,清澤,道昭,景用,禪了",淨韻(A001119);清澤(A001095);道昭(A001520);景用(A001242);禪了(A001859)
X1405,石溪心月禪師語錄,(侍者)住顯．宗煥．祖定．宗茙．光玉．仁安．應儼．永珍．祖森 編,"住顯,宗煥,祖定,宗茙,光玉,仁安,應儼,永珍,祖森",住顯(A000433);宗煥(A000594);祖定(A000972);宗茙(A000585);光玉(A000315);仁安(A000104);應儼(A001853);永珍(A000283);祖森(A000976)
X1406,石溪心月禪師雜錄,,,
X1407,虛舟普度禪師語錄,(嗣法)淨伏、(門人)行佑．德珍．瓊林 等編,"淨伏,行佑,德珍,瓊林",淨伏(A001099);行佑(A000407);德珍(A001674);瓊林(A001903)
X1408,即休契了禪師拾遺集,日本 及藏主集錄,及藏主,及藏主(A000141)
X1409,月江正印禪師語錄,(門人)居簡．妙心．大機．慧忠．可橖．祖安．具德．宗滿．自然．慧觀．壽椿．德粹．思敬．良圭．景行．本真．紹宗．文闡．寶生．文藻．自成 編,"居簡,妙心,大機,慧忠,可橖,祖安,具德,宗滿,自然,慧觀,壽椿,德粹,思敬,良圭,景行,本真,紹宗,文闡,寶生,文藻,自成",居簡(A007997);妙心(A000461);大機(A000068);慧忠(A036850);可橖(A000225);祖安(A000971);具德(A000550);宗滿(A000598);自然(A000398);慧觀(A036851);壽椿(A001603);德粹(A001689);思敬(A000834);良圭(A000533);景行(A001243);本真(A000254);紹宗(A001127);文闡(A000189);寶生(A001917);文藻(A000188);自成(A000396)
X1410,曇芳守忠禪師語錄,(嗣法)繼祖等編,繼祖,繼祖(A001932)
X1411,橫川行珙禪師語錄,(門人)本光等編,本光,本光(A000251)
X1412,古林清茂禪師語錄,(小師)元浩．清欲．應槐 編,"元浩,清欲,應槐",元浩(A000120);清欲(A001089);應槐(A001852)
X1413,古林清茂禪師拾遺偈頌,日本 海壽編次,海壽,海壽(A000939)
X1414,了菴清欲禪師語錄,(參學)一志．元皓．可興．文康．祖運．志道．祖杲．得度．文煥．克明．宗成．宗胤．起宗．汝現．元寶．慧朗．景毅．大圓．海壽．祖灊 等編,"一志,元皓,可興,文康,祖運,志道,祖杲,得度,文煥,克明,宗成,宗胤,起宗,汝現,元寶,慧朗,景毅,大圓,海壽,祖灊",一志(A000009);元皓(A000126);可興(A000224);文康(A000177);祖運(A000980);志道(A000498);祖杲(A000973);得度(A001053);文煥(A036852);克明(A000452);宗成(A000572);宗胤(A000583);起宗(A001001);汝現(A000388);元寶(A000137);慧朗(A001715);景毅(A001247);大圓(A000063);海壽(A000939);祖灊(A000986)
X1415,穆菴文康禪師語錄,(嗣法參學)清逸．智辯．寶日 等編,"清逸,智辯,寶日",清逸(A001091);智辯(A001303);寶日(A001916)
X1416,恕中無慍禪師語錄,(嗣法參學)宗黼．道瑄．宗亘．居頂．惟寂．宗寄．慧浩．清歲 等編,"宗黼,道瑄,宗亘,居頂,惟寂,宗寄,慧浩,清歲",宗黼(A000608);道瑄(A001544);宗亘(A000565);居頂(A000616);惟寂(A001070);宗寄(A000586);慧浩(A001717);清歲(A001092)
X1417,了堂惟一禪師語錄,(門人)宗義．有端．思齊．思靜．妙淨．無我．文暐．雲澹．思謙．普莊．宗遠．思廉．文度．文朗 等編,"宗義,有端,思齊,思靜,妙淨,無我,文暐,雲澹,思謙,普莊,宗遠,思廉,文度,文朗",宗義(A000595);有端(A000382);思齊(A000835);思靜(A000836);妙淨(A000474);無我(A001312);文暐(A000184);雲澹(A001389);思謙(A000837);普莊(A001222);宗遠(A000600);思廉(A000833);文度(A000169);文朗(A000173)
X1418,呆菴普莊禪師語錄,(門人)慧啟．智粵．智勝．德琇．曇頓．道哲 等編,"慧啟,智粵,智勝,德琇,曇頓,道哲",慧啟(A001722);智粵(A001286);智勝(A001277);德琇(A001683);曇頓(A001791);道哲(A001524)
X1419,元叟行端禪師語錄,(門人)法林．曇噩．祖銘．梵琦 等編,"法林,曇噩,祖銘,梵琦",法林(A000703);曇噩(A001799);祖銘(A000981);梵琦(A001082)
X1420,楚石梵琦禪師語錄,(門人)祖光．文玹．曇紹．祖灊．景瓛．良彥．應訢．明遠．胤丘．文晟．正隆．善成．文斌．中端．正參 等編,"祖光,文玹,曇紹,祖灊,景瓛,良彥,應訢,明遠,胤丘,文晟,正隆,善成,文斌,中端,正參",祖光(A000970);文玹(A000172);曇紹(A001783);祖灊(A000986);景瓛(A001249);良彥(A000537);應訢(A001851);明遠(A000669);胤丘(A000867);文晟(A000176);正隆(A000272);善成(A001333);文斌(A000181);中端(A000099);正參(A000269)
X1421,愚菴智及禪師語錄,(門人)觀通．溥震．正除．希顏．忻悟．寶盈．至寶．慧鏡．護位．道彝 等編,"觀通,溥震,正除,希顏,忻悟,寶盈,至寶,慧鏡,護位,道彝",觀通(A001990);溥震(A001453);正除(A000268);希顏(A000491);忻悟(A000548);寶盈(A001924);至寶(A000405);慧鏡(A001740);護位(A001961);道彝(A001562)
X1422,南石文琇禪師語錄,(門人)宗謐．妙門．復初．廷璨．良玓 等編,"宗謐,妙門,復初,廷璨,良玓",宗謐(A000605);妙門(A000468);復初(A001191);廷璨(A000493);良玓(A000534)
X1423,投子義青禪師語錄,(傳法)自覺重編,自覺,自覺(A014564)
X1424,投子義青禪師語錄,(嗣法)道楷編,道楷,道楷(A001539)
X1425,丹霞子淳禪師語錄,(嗣法小師)慶預校勘,慶預,慶預(A001700)
X1426,真歇清了禪師語錄,(侍者)德初．義初 等編,"德初,義初",德初(A001672);義初(A001465)
X1428,淨慈慧暉禪師語錄,(弟子)明總下語寄言、了廣編,"明總,了廣",明總(A000672);了廣(A000039)
X1431,雲外雲岫禪師語錄,(小師)士慘 編,士慘,士慘(A000049)
X1432,無明慧經禪師語錄,(嗣法)元賢重編,元賢,元賢(A000135)
X1433,晦臺元鏡禪師語錄,(嗣法)道盛集,道盛,道盛(A007948)
X1434,見如元謐禪師語錄,(門人)道璞集,道璞,道璞(A001555)
X1435,無異元來禪師廣錄,(法孫)弘瀚彙編、弘裕同集,"弘瀚,弘裕",弘瀚(A000243);弘裕(A000240)
X1436,博山無異大禪語錄集要,(首座)成正錄,成正,成正(A000374)
X1437,永覺元賢禪師廣錄,(嗣法)道霈重編,道霈,道霈(A001551)
X1438,為霖道霈禪師秉拂語錄,(書記)太靖錄,太靖,太靖(A000151)
X1439,為霖道霈禪師餐香錄,(書記)太泉錄,太泉,太泉(A000150)
X1440,為霖道霈禪師還山錄,(侍者)興燈．心亮．法雲．性朗 錄,"興燈,心亮,法雲,性朗",興燈(A001819);心亮(A000155);法雲(A009936);性朗(A000633)
X1441,為霖禪師雲山法會錄,(弟子)謝大材．潘道靖．黃大廣 同錄,"謝大材,潘道靖,黃大廣",謝大材(A001867);潘道靖(A001757);黃大廣(A001392)
X1442,為霖禪師旅泊菴稿,(弟子)太泉．等純．興燈．心亮．淨煥 錄,"太泉,等純,興燈,心亮,淨煥",太泉(A000150);等純(A001328);興燈(A001819);心亮(A000155);淨煥(A001114)
X1443,宗寶道獨禪師語錄,(法孫)今釋重編,今釋,今釋(A000112)
X1444,湛然圓澄禪師語錄,(門人)明凡錄　丁元公．祁駿隹 編,"明凡,丁元公,祁駿隹",明凡(A000654);丁元公(A000017);祁駿隹(A000757)
X1445,玄沙師備禪師廣錄,(參學)智嚴集,智嚴,
X1446,玄沙師備禪師語錄,明 林弘衍編次,林弘衍,林弘衍(A000681)
X1447,薦福承古禪師語錄,(門人)文智編,文智,文智(A000179)
X1448,法昌倚遇禪師語錄,(小師)宗密錄,宗密,宗密(A000587)
X1449,吳山淨端禪師語錄,(法孫)師皎重編,師皎,師皎(A000914)
X1450,慧林宗本禪師別錄,(嗣法)慧辯錄,慧辯,慧辯(A001744)
X1451,慈受懷深禪師廣錄,(侍者)善清．善隨．宗先．普紹 編,"善清,善隨,宗先,普紹",善清(A001341);善隨(A001351);宗先(A000570);普紹(A001221)
X1452,紫柏尊者全集,明 德清閱,德清,德清(A001681)
X1453,紫柏尊者別集,明 錢謙益纂閱,錢謙益,錢謙益(A001834)
X1454,雲谷和尚語錄,(參學)宗敬．道傑．惟能．宗㞧．祖祿 編,"宗敬,道傑,惟能,宗㞧,祖祿",宗敬(A000592);道傑(A001537);惟能(A001069);宗㞧(A036908);祖祿(A000979)
X1455,聖箭堂述古,清 道霈述,道霈,道霈(A001551)
X1456,憨山老人夢遊集,(侍者)福善日錄 (門人)通炯編輯,福善(A001631);通炯(A001149),
X1457,雲門麥浪懷禪師宗門設難,明 許元釗錄,許元釗,許元釗(A001145)
X1458,宗門寶積錄（序．凡例．目錄）,清 本晳輯,本晳,本晳(A010705)
X1464,三時繫念佛事,宋 延壽述,延壽,延壽(A000282)
X1465,三時繫念儀範,宋 延壽述,延壽,延壽(A000282)
X1466,無量壽佛讚註,宋 元照撰　戒度注,"元照,戒度",元照(A000129);
X1467,禮念彌陀道場懺法,元 王子成集,王子成,王子成(A000202)
X1468,西歸行儀,清 古崑錄輯,古崑,古崑(A000228)
X1469,華嚴經海印道場九會請佛儀,,,
X1470,華嚴經海印道場懺儀,唐 一行慧覺依經錄　宋 普瑞補註　明 讀徹參閱　明 木增訂正　明 正止治定,"一行慧覺,普瑞,讀徹,木增,正止",一行慧覺(A009472);普瑞(A001228);讀徹(A001971);木增(A000200);正止(A000262)
X1471,華嚴清涼國師禮讚文,宋 智肱述,智肱,智肱(A001262)
X1472,華嚴普賢行願修證儀,宋 淨源集,淨源,淨源(A001113)
X1473,華嚴普賢行願修證儀,宋 淨源集,淨源,淨源(A001113)
X1474,華嚴道場起止大略,明,,
X1475,圓覺經道場修證儀,唐 宗密述,宗密,宗密(A000587)
X1476,圓覺經道場略本修證儀,宋 淨源錄,淨源,淨源(A001113)
X1477,首楞嚴壇場修證儀,宋 淨源編敘,淨源,淨源(A001113)
X1478,依楞嚴究竟事懺,明 禪修述,禪修,禪修(A001861)
X1479,佛母孔雀尊經科式,明,,
X1480,千手千眼大悲心咒行法,宋 知禮始集　清 讀體重纂,"知禮,讀體",讀體(A001972)
X1481,准提三昧行法,明 受登集,受登,受登(A000555)
X1482,准提焚修悉地懺悔玄文,清 夏道人集,夏道人,夏道人(A000904)
X1483,藥師三昧行法,明 受登集,受登,受登(A000555)
X1484,慈悲藥師寶懺,清,,
X1485,占察善惡業報經行法,明 智旭集,智旭,智旭(A001257)
X1486,讚禮地藏菩薩懺願儀,明 智旭述,智旭,智旭(A001257)
X1487,慈悲地藏菩薩懺法,清,,
X1488,得遇龍華修證懺儀,明 如惺撰,如惺,如惺(A000348)
X1489,吳中石佛相好懺儀,明 傳燈集,傳燈,傳燈(A007274)
X1490,舍利懺法,清 繼僧著,繼僧,繼僧(A001933)
X1491,禮舍利塔儀式,清 弘贊編,弘贊,弘贊(A000244)
X1492,禮佛儀式,清 弘贊編,弘贊,弘贊(A000244)
X1493,供諸天科儀,清 弘贊集,弘贊,弘贊(A000244)
X1494,金剛經科儀,清 建基錄,建基,建基(A000825)
X1495,慈悲道場水懺法隨聞錄,清 智證錄,智證,智證(A001300)
X1496,慈悲道場水懺法科註,清 西宗集註,西宗,西宗(A000429)
X1497,法界聖凡水陸勝會修齋儀軌,宋 志磐謹撰　明 袾宏重訂,"志磐,袾宏",志磐(A000502);袾宏(A001394)
X1498,法界聖凡水陸大齋普利道場性相通論,清 咫觀述,咫觀,咫觀(A000820)
X1499,法界聖凡水陸大齋法輪寶懺,清 咫觀記,咫觀,咫觀(A000820)
X1500,蘭盆獻供儀,宋 元照重集,元照,元照(A000129)
X1501,釋迦如來降生禮讚文,宋 仁岳撰,仁岳,仁岳(A000106)
X1504,南山祖師禮讚文,宋 智圓述,智圓,智圓(A001282)
X1505,南山祖師禮讚文,宋 仁岳述,仁岳,仁岳(A000106)
X1506,南山祖師禮讚文,宋 允堪述,允堪,允堪(A000138)
X1507,大智律師禮讚文,宋 則安述,則安,則安(A000815)
X1508,釋迦如來成道記,唐 王勃撰,王勃,王勃(A000206)
X1509,釋迦如來成道記註,唐 道誠註,道誠,道誠(A001542)
X1510,釋迦如來行蹟頌,元 無寄撰集,無寄,無寄(A001317)
X1511,釋迦如來應化錄,明 寶成編集,寶成,寶成(A001918)
X1512,隆興編年通論,宋 祖琇撰,祖琇,祖琇(A000975)
X1513,釋門正統,宋 宗鑑集,宗鑑,宗鑑(A000611)
X1515,續佛祖統紀,,,
X1516,釋氏通鑑,宋 本覺編集,本覺,本覺(A000260)
X1517,歷朝釋氏資鑑,元 熙仲集,熙仲,熙仲(A001627)
X1521,(古今圖書集成)釋教部彙考,,,
X1522,新修科分六學僧傳,元 曇噩述,曇噩,曇噩(A001799)
X1523,名僧傳抄,梁 寶唱撰,寶唱,寶唱(A001926)
X1524,補續高僧傳,明 明河撰,明河,明河(A000658)
X1526,武林西湖高僧事略,宋 元敬．元復同述,"元敬,元復",元敬(A000128);元復(A000134)
X1527,續武林西湖高僧事略,明 袾宏輯,袾宏,袾宏(A001394)
X1530,法界宗五祖略記,清 續法輯,續法,續法(A001959)
X1532,華嚴經感應略記,明 袾宏輯錄,袾宏,袾宏(A001394)
X1533,華嚴感應緣起傳,清 弘璧輯,弘璧,弘璧(A000242)
X1534,華嚴經持驗記,清 周克復纂,周克復,周克復(A000558)
X1535,智者大師別傳註,宋 曇照註,曇照,曇照(A001790)
X1539,法華靈驗傳,明 了圓錄,了圓,了圓(A000038)
X1540,法華經顯應錄,宋 宗曉編,宗曉,宗曉(A000601)
X1541,法華經持驗記,清 周克復纂,周克復,周克復(A000558)
X1542,觀音經持驗記,清 周克復集,周克復,周克復(A000558)
X1543,東林十八高賢傳,,,
X1546,新修往生傳,宋 王古輯撰,王古,王古(A009477)
X1547,諸上善人詠,明 道衍撰,道衍,道衍(A001522)
X1549,淨土聖賢錄,清 彭希涑述,彭希涑,
X1550,淨土聖賢錄續編,清 胡珽述,胡珽,胡珽(A018442)
X1551,西舫彙征,清 瑞璋輯,瑞璋,瑞璋(A001457)
X1552,修西聞見錄,清 咫觀輯,咫觀,咫觀(A000820)
X1553,天聖廣燈錄,宋 李遵勗勅編,李遵勗,李遵勗(A000520)
X1554,五家正宗贊,宋 紹曇記,紹曇,紹曇(A001133)
X1555,建中靖國續燈錄目錄,宋 惟白集,惟白,惟白(A001061)
X1556,建中靖國續燈錄,宋 惟白集,惟白,惟白(A001061)
X1557,聯燈會要,宋 悟明集,悟明,悟明(A000929)
X1558,嘉泰普燈錄總目錄,宋 正受編,正受,正受(A000264)
X1559,嘉泰普燈錄,宋 正受編,正受,正受(A000264)
X1560,禪林僧寶傳,宋 惠洪撰,惠洪,惠洪(A001673)
X1561,僧寶正續傳,宋 祖琇撰,祖琇,祖琇(A000975)
X1562,南宋元明禪林僧寶傳,清 自融撰　性磊補輯,"自融,性磊",自融(A000400);性磊(A000641)
X1563,大光明藏,宋 寶曇述,寶曇,寶曇(A001930)
X1564,五燈會元目錄,宋 普濟集,普濟,普濟(A001234)
X1565,五燈會元,宋 普濟集,普濟,普濟(A001234)
X1566,五燈會元續略,明 淨柱輯,淨柱,淨柱(A001103)
X1567,五燈嚴統目錄,明 通容集,通容,通容(A001150)
X1568,五燈嚴統(第1卷-第9卷),明 通容集,通容,通容(A001150)
X1569,五燈嚴統解惑編,明 通容述,通容,通容(A001150)
X1570,五燈全書目錄,清 超永編輯,超永,超永(A001366)
X1571,五燈全書(第1卷-第33卷),清 超永編輯,超永,超永(A001366)
X1572,續傳燈錄目錄,,,
X1574,增集續傳燈錄,明 文琇集,文琇,文琇(A000178)
X1576,雪堂行拾遺錄,宋 道行編,道行,道行(A001504)
X1577,羅湖野錄,宋 曉瑩集,曉瑩,曉瑩(A001777)
X1578,指月錄,明 瞿汝稷集,瞿汝稷,瞿汝稷(A001877)
X1579,續指月錄,清 聶先編輯,聶先,聶先(A001881)
X1580,教外別傳,明 黎眉等編,黎眉,黎眉(A001771)
X1581,皇明名僧輯略,明 袾宏輯,袾宏,袾宏(A001394)
X1582,續燈正統目錄,清 性統編集,性統,性統(A000635)
X1583,續燈正統,清 性統編集,性統,性統(A000635)
X1584,續燈存稿目錄,,,
X1585,續燈存稿,明 通問編定　施沛彙集,"通問,施沛",通問(A013268);施沛(A000843)
X1586,正源略集目錄,,,
X1587,正源略集,清 際源．了貞輯　達珍編,"際源,了貞,達珍",際源(A001643);了貞(A000026);達珍(A001569)
X1588,正源略集補遺,清 達珍編,達珍,達珍(A001569)
X1589,錦江禪燈目錄,清 通醉輯,通醉,通醉(A001157)
X1590,錦江禪燈,清 通醉輯,通醉,通醉(A001157)
X1591,黔南會燈錄,清 如純輯,如純,如純(A000345)
X1592,揞黑豆集,清 心圓拈別　火蓮集梓,"心圓,火蓮",心圓(A000157);火蓮(A000201)
X1593,禪宗正脉,明 如巹集,如巹,如巹(A000342)
X1594,佛祖綱目,明 朱時恩著,朱時恩,朱時恩(A000385)
X1595,佛祖正傳古今捷錄,清 果性集,果性,果性(A000679)
X1596,南嶽單傳記,清 弘儲表,弘儲,弘儲(A000241)
X1597,定應大師布袋和尚傳,曇噩撰,曇噩,曇噩(A001799)
X1598,曹溪大師別傳,,,
X1599,永明道蹟,宋 大壑輯,大壑,大壑(A000069)
X1600,宗統編年,清 紀蔭編纂,紀蔭,紀蔭(A000861)
X1601,禪燈世譜,明 道忞編修　吳侗集,"道忞,吳侗",道忞(A001513);吳侗(A000456)
X1602,佛祖宗派世譜,清 悟進編輯,悟進,悟進(A010710)
X1603,緇門世譜,清 明喜撰輯,明喜,明喜(A000666)
X1604,法門鋤宄,清 淨符著,淨符,淨符(A001108)
X1605,繼燈錄,明 元賢輯,元賢,元賢(A000135)
X1606,建州弘釋錄,明 元賢集,元賢,元賢(A000135)
X1607,居士分燈錄,明 朱時恩輯,朱時恩,朱時恩(A000385)
X1608,八十八祖道影傳贊,明 德清述　高承埏補,"德清,高承埏",德清(A001681);高承埏(A001004)
X1609,普陀列祖錄,清 通旭集,通旭,通旭(A001147)
X1610,雲臥紀譚,宋 曉瑩錄,曉瑩,曉瑩(A001777)
X1611,叢林盛事,宋 道融撰,道融,道融(A001556)
X1612,人天寶鑑,宋 曇秀輯,曇秀,曇秀(A001778)
X1613,枯崖漫錄,宋 圓悟錄,圓悟,圓悟(A008261)
X1614,禪苑蒙求瑤林,金 志明撰　元 德諫注,"志明,德諫",志明(A000496);德諫(A001694)
X1615,禪苑蒙求拾遺,,,
X1616,山菴雜錄,明 無溫錄,無溫,無溫(A001320)
X1617,正宗心印後續聯芳,明 善燦著,善燦,善燦(A001352)
X1618,祖庭指南,清 徐昌治編述,徐昌治,徐昌治(A000922)
X1619,先覺集,明 陶明潛輯,陶明潛,陶明潛(A001169)
X1620,先覺宗乘,清 圓信較定　郭凝之彙編,"圓信,郭凝之",圓信(A001408);郭凝之(A001771)
X1621,優婆夷志,清 圓信較定　郭凝之彙編,"圓信,郭凝之",圓信(A001408);郭凝之(A001771)
X1622,朝鮮禪教考,朝鮮 朴永善輯,朴永善,朴永善(A000384)
X1623,釋氏蒙求,靈操撰,靈操,靈操(A001985)
X1624,林間錄,宋 慧洪集,慧洪,慧洪(A001673)
X1625,林間錄後集,宋 慧洪集,慧洪,慧洪(A001673)
X1626,高僧摘要,清 徐昌治編輯,徐昌治,徐昌治(A000922)
X1627,緇門崇行錄,明 袾宏輯,袾宏,袾宏(A001394)
X1628,佛法金湯編,明 心泰編,心泰,心泰(A000156)
X1629,金剛般若經集驗記,唐 孟獻忠撰,孟獻忠,孟獻忠(A000563)
X1630,金剛經鳩異,唐 段成式撰,段成式,段成式(A000850)
X1631,金剛經受持感應錄,,,
X1632,金剛經感應傳,,,
X1633,金剛經新異錄,明 王起隆輯著,王起隆,王起隆(A000208)
X1634,金剛經靈驗傳,日本 淨慧集,淨慧,淨慧(A001116)
X1635,金剛經持驗記,清 周克復纂,周克復,周克復(A000558)
X1636,金剛經感應分類輯要,清 王澤泩編集,王澤泩,王澤泩(A000209)
X1638,地藏菩薩像靈驗記,宋 常謹集,常謹,常謹(A001043)
X1640,心性罪福因緣集,宋 智覺注,智覺,智覺(A000282)
X1641,見聞錄,明 智旭隨筆,智旭,智旭(A001257)
X1642,現果隨錄,明 戒顯筆記,戒顯,戒顯(A004077)
X1643,兜率龜鏡集,清 弘贊輯,弘贊,弘贊(A000244)
X1644,觀音慈林集,清 弘贊輯,弘贊,弘贊(A000244)
X1645,六道集,清 弘贊輯,弘贊,弘贊(A000244)
X1646,居士傳,清 彭際清述,彭際清,彭際清(A001188)
X1648,冥報記輯書,日本 佐佐木憲德輯,佐佐木憲德,佐佐木憲德(A000447)
X1649,名公法喜志,明 夏樹芳輯,夏樹芳,夏樹芳(A000905)
X1651,玄奘三藏師資傳叢書,日本 佐伯定胤．中野達慧共編,"佐伯定胤,中野達慧",佐伯定胤(A000448);中野達慧(A000097)
X1654,惠果和尚行狀,,,
X1655,得依釋序文緣起,日本 慧堅撰,慧堅,慧堅(A001721)
X1656,伯亭大師傳記總帙,,,
X1657,善女人傳,清 彭際清述,彭際清,彭際清(A001188)
X1658,重編諸天傳,宋 行霆述,行霆,行霆(A000424)
X1660,(古今圖書集成)神異典二氏部彙考,,,
X1661,(古今圖書集成)神異典釋教部紀事,,,
X1666,佛祖心燈,,,
X1667,宗教律諸宗演派,清 守一重編,守一,守一(A000356)
X1668,西藏剌麻溯源,清 守一編輯,守一,守一(A000356)
X1671,東國僧尼錄,,,
