work,vol,type
ZW0001,ZW01
ZW0002,ZW01
ZW0003,ZW01
ZW0004,ZW01
ZW0005,ZW01
ZW0006,ZW01
ZW0007,ZW01
ZW0008,ZW01
ZW0009,ZW01
ZW0010,ZW01
ZW0011,ZW01
ZW0012,ZW01
ZW0013,ZW01
ZW0014a,ZW01
ZW0014b,ZW01
ZW0014c,ZW01
ZW0015a,ZW01
ZW0015b,ZW01
ZW0015c,ZW01
ZW0015d,ZW01
ZW0016,ZW01
ZW0017,ZW02
ZW0018a,ZW02
ZW0018b,ZW02
ZW0019,ZW02
ZW0020,ZW02
ZW0021,ZW02
ZW0022,ZW02
ZW0023,ZW03
ZW0024,ZW03
ZW0025,ZW03
ZW0026,ZW03
ZW0027,ZW03
ZW0028,ZW03
ZW0029,ZW03
ZW0030,ZW03
ZW0031a,ZW03
ZW0031b,ZW03
ZW0031c,ZW03
ZW0031d,ZW03
ZW0031e,ZW03
ZW0032,ZW03
ZW0033,ZW04
ZW0034,ZW04
ZW0035,ZW04
ZW0036,ZW04
ZW0037,ZW04
ZW0038,ZW04
ZW0039,ZW04
ZW0040,ZW04
ZW0041,ZW04
ZW0042,ZW04
ZW0043a,ZW04
ZW0043b,ZW04
ZW0044,ZW04
ZW0045,ZW05
ZW0046,ZW05
ZW0047,ZW05
ZW0048,ZW05
ZW0049,ZW05
ZW0050,ZW05
ZW0051,ZW06
ZW0052,ZW06
ZW0053,ZW06
ZW0054,ZW06
ZW0055,ZW06
ZW0056,ZW06
ZW0057,ZW06
ZW0058,ZW07
ZW0059a,ZW07
ZW0059b,ZW07
ZW0060,ZW07
ZW0061,ZW07
ZW0062,ZW07
ZW0063,ZW07
ZW0064a,ZW07
ZW0064b,ZW07
ZW0064c,ZW07
ZW0064d,ZW07
ZW0064e,ZW07
ZW0064f,ZW07
ZW0064g,ZW07
ZW0064h,ZW07
ZW0065,ZW07
ZW0066,ZW07
ZW0067,ZW08
ZW0068,ZW08
ZW0069,ZW08
ZW0070,ZW08
ZW0071,ZW08
ZW0072,ZW09
ZW0073a,ZW09
ZW0073b,ZW09
ZW0073c,ZW09
ZW0073d,ZW09
ZW0073e,ZW09
ZW0073f,ZW09
ZW0073g,ZW09
ZW0073h,ZW09
ZW0074,ZW09
ZW0075,ZW09
ZW0076,ZW09
ZW0077,ZW09
ZW0078,ZW10
ZW0079,ZW10
ZW0080,ZW10
ZW0081,ZW10
ZW0082,ZW10
ZW0083,ZW10
ZW0084,ZW10
ZW0085,ZW10
ZW0086,ZW10
ZW0087,ZW10
ZW0088,ZW10
ZWa069,ZW10,non-textbody
ZWa070,ZW10,non-textbody
ZWa071,ZW10,non-textbody
ZWa072,ZW10,non-textbody
ZWa073,ZW10,non-textbody
ZWa074,ZW10,non-textbody
ZW0089,ZW11
ZW0090,ZW11
ZW0091,ZW11
ZW0092,ZW11
ZW0093,ZW11
ZW0094,ZW11
ZW0095,ZW11
ZW0096,ZW11
ZWa075,ZW11,non-textbody
ZWa076,ZW11,non-textbody
ZWa077,ZW11,non-textbody
ZWa078,ZW11,non-textbody
ZWa079,ZW11,non-textbody
ZWa080,ZW11,non-textbody
ZW0097,ZW12
ZW0098,ZW12
ZW0099,ZW12
ZW0100,ZW12
ZW0101,ZW12
ZW0102,ZW12
ZW0103,ZW12
ZWa081,ZW12,non-textbody
ZWa082,ZW12,non-textbody
ZWa083,ZW12,non-textbody
ZWa084,ZW12,non-textbody
ZWa085,ZW12,non-textbody